
INSERT INTO contact_type (id,OPTLOCK)
    VALUES (1,0);

INSERT INTO country (id,code)
    VALUES (1,'AF');

INSERT INTO country (id,code)
    VALUES (2,'AL');

INSERT INTO country (id,code)
    VALUES (3,'DZ');

INSERT INTO country (id,code)
    VALUES (4,'AS');

INSERT INTO country (id,code)
    VALUES (5,'AD');

INSERT INTO country (id,code)
    VALUES (6,'AO');

INSERT INTO country (id,code)
    VALUES (7,'AI');

INSERT INTO country (id,code)
    VALUES (8,'AQ');

INSERT INTO country (id,code)
    VALUES (9,'AG');

INSERT INTO country (id,code)
    VALUES (10,'AR');

INSERT INTO country (id,code)
    VALUES (11,'AM');

INSERT INTO country (id,code)
    VALUES (12,'AW');

INSERT INTO country (id,code)
    VALUES (13,'AU');

INSERT INTO country (id,code)
    VALUES (14,'AT');

INSERT INTO country (id,code)
    VALUES (15,'AZ');

INSERT INTO country (id,code)
    VALUES (16,'BS');

INSERT INTO country (id,code)
    VALUES (17,'BH');

INSERT INTO country (id,code)
    VALUES (18,'BD');

INSERT INTO country (id,code)
    VALUES (19,'BB');

INSERT INTO country (id,code)
    VALUES (20,'BY');

INSERT INTO country (id,code)
    VALUES (21,'BE');

INSERT INTO country (id,code)
    VALUES (22,'BZ');

INSERT INTO country (id,code)
    VALUES (23,'BJ');

INSERT INTO country (id,code)
    VALUES (24,'BM');

INSERT INTO country (id,code)
    VALUES (25,'BT');

INSERT INTO country (id,code)
    VALUES (26,'BO');

INSERT INTO country (id,code)
    VALUES (27,'BA');

INSERT INTO country (id,code)
    VALUES (28,'BW');

INSERT INTO country (id,code)
    VALUES (29,'BV');

INSERT INTO country (id,code)
    VALUES (30,'BR');

INSERT INTO country (id,code)
    VALUES (31,'IO');

INSERT INTO country (id,code)
    VALUES (32,'BN');

INSERT INTO country (id,code)
    VALUES (33,'BG');

INSERT INTO country (id,code)
    VALUES (34,'BF');

INSERT INTO country (id,code)
    VALUES (35,'BI');

INSERT INTO country (id,code)
    VALUES (36,'KH');

INSERT INTO country (id,code)
    VALUES (37,'CM');

INSERT INTO country (id,code)
    VALUES (38,'CA');

INSERT INTO country (id,code)
    VALUES (39,'CV');

INSERT INTO country (id,code)
    VALUES (40,'KY');

INSERT INTO country (id,code)
    VALUES (41,'CF');

INSERT INTO country (id,code)
    VALUES (42,'TD');

INSERT INTO country (id,code)
    VALUES (43,'CL');

INSERT INTO country (id,code)
    VALUES (44,'CN');

INSERT INTO country (id,code)
    VALUES (45,'CX');

INSERT INTO country (id,code)
    VALUES (46,'CC');

INSERT INTO country (id,code)
    VALUES (47,'CO');

INSERT INTO country (id,code)
    VALUES (48,'KM');

INSERT INTO country (id,code)
    VALUES (49,'CG');

INSERT INTO country (id,code)
    VALUES (50,'CK');

INSERT INTO country (id,code)
    VALUES (51,'CR');

INSERT INTO country (id,code)
    VALUES (52,'CI');

INSERT INTO country (id,code)
    VALUES (53,'HR');

INSERT INTO country (id,code)
    VALUES (54,'CU');

INSERT INTO country (id,code)
    VALUES (55,'CY');

INSERT INTO country (id,code)
    VALUES (56,'CZ');

INSERT INTO country (id,code)
    VALUES (57,'CD');

INSERT INTO country (id,code)
    VALUES (58,'DK');

INSERT INTO country (id,code)
    VALUES (59,'DJ');

INSERT INTO country (id,code)
    VALUES (60,'DM');

INSERT INTO country (id,code)
    VALUES (61,'DO');

INSERT INTO country (id,code)
    VALUES (62,'TP');

INSERT INTO country (id,code)
    VALUES (63,'EC');

INSERT INTO country (id,code)
    VALUES (64,'EG');

INSERT INTO country (id,code)
    VALUES (65,'SV');

INSERT INTO country (id,code)
    VALUES (66,'GQ');

INSERT INTO country (id,code)
    VALUES (67,'ER');

INSERT INTO country (id,code)
    VALUES (68,'EE');

INSERT INTO country (id,code)
    VALUES (69,'ET');

INSERT INTO country (id,code)
    VALUES (70,'FK');

INSERT INTO country (id,code)
    VALUES (71,'FO');

INSERT INTO country (id,code)
    VALUES (72,'FJ');

INSERT INTO country (id,code)
    VALUES (73,'FI');

INSERT INTO country (id,code)
    VALUES (74,'FR');

INSERT INTO country (id,code)
    VALUES (75,'GF');

INSERT INTO country (id,code)
    VALUES (76,'PF');

INSERT INTO country (id,code)
    VALUES (77,'TF');

INSERT INTO country (id,code)
    VALUES (78,'GA');

INSERT INTO country (id,code)
    VALUES (79,'GM');

INSERT INTO country (id,code)
    VALUES (80,'GE');

INSERT INTO country (id,code)
    VALUES (81,'DE');

INSERT INTO country (id,code)
    VALUES (82,'GH');

INSERT INTO country (id,code)
    VALUES (83,'GI');

INSERT INTO country (id,code)
    VALUES (84,'GR');

INSERT INTO country (id,code)
    VALUES (85,'GL');

INSERT INTO country (id,code)
    VALUES (86,'GD');

INSERT INTO country (id,code)
    VALUES (87,'GP');

INSERT INTO country (id,code)
    VALUES (88,'GU');

INSERT INTO country (id,code)
    VALUES (89,'GT');

INSERT INTO country (id,code)
    VALUES (90,'GN');

INSERT INTO country (id,code)
    VALUES (91,'GW');

INSERT INTO country (id,code)
    VALUES (92,'GY');

INSERT INTO country (id,code)
    VALUES (93,'HT');

INSERT INTO country (id,code)
    VALUES (94,'HM');

INSERT INTO country (id,code)
    VALUES (95,'HN');

INSERT INTO country (id,code)
    VALUES (96,'HK');

INSERT INTO country (id,code)
    VALUES (97,'HU');

INSERT INTO country (id,code)
    VALUES (98,'IS');

INSERT INTO country (id,code)
    VALUES (99,'IN');

INSERT INTO country (id,code)
    VALUES (100,'ID');

INSERT INTO country (id,code)
    VALUES (101,'IR');

INSERT INTO country (id,code)
    VALUES (102,'IQ');

INSERT INTO country (id,code)
    VALUES (103,'IE');

INSERT INTO country (id,code)
    VALUES (104,'IL');

INSERT INTO country (id,code)
    VALUES (105,'IT');

INSERT INTO country (id,code)
    VALUES (106,'JM');

INSERT INTO country (id,code)
    VALUES (107,'JP');

INSERT INTO country (id,code)
    VALUES (108,'JO');

INSERT INTO country (id,code)
    VALUES (109,'KZ');

INSERT INTO country (id,code)
    VALUES (110,'KE');

INSERT INTO country (id,code)
    VALUES (111,'KI');

INSERT INTO country (id,code)
    VALUES (112,'KR');

INSERT INTO country (id,code)
    VALUES (113,'KW');

INSERT INTO country (id,code)
    VALUES (114,'KG');

INSERT INTO country (id,code)
    VALUES (115,'LA');

INSERT INTO country (id,code)
    VALUES (116,'LV');

INSERT INTO country (id,code)
    VALUES (117,'LB');

INSERT INTO country (id,code)
    VALUES (118,'LS');

INSERT INTO country (id,code)
    VALUES (119,'LR');

INSERT INTO country (id,code)
    VALUES (120,'LY');

INSERT INTO country (id,code)
    VALUES (121,'LI');

INSERT INTO country (id,code)
    VALUES (122,'LT');

INSERT INTO country (id,code)
    VALUES (123,'LU');

INSERT INTO country (id,code)
    VALUES (124,'MO');

INSERT INTO country (id,code)
    VALUES (125,'MK');

INSERT INTO country (id,code)
    VALUES (126,'MG');

INSERT INTO country (id,code)
    VALUES (127,'MW');

INSERT INTO country (id,code)
    VALUES (128,'MY');

INSERT INTO country (id,code)
    VALUES (129,'MV');

INSERT INTO country (id,code)
    VALUES (130,'ML');

INSERT INTO country (id,code)
    VALUES (131,'MT');

INSERT INTO country (id,code)
    VALUES (132,'MH');

INSERT INTO country (id,code)
    VALUES (133,'MQ');

INSERT INTO country (id,code)
    VALUES (134,'MR');

INSERT INTO country (id,code)
    VALUES (135,'MU');

INSERT INTO country (id,code)
    VALUES (136,'YT');

INSERT INTO country (id,code)
    VALUES (137,'MX');

INSERT INTO country (id,code)
    VALUES (138,'FM');

INSERT INTO country (id,code)
    VALUES (139,'MD');

INSERT INTO country (id,code)
    VALUES (140,'MC');

INSERT INTO country (id,code)
    VALUES (141,'MN');

INSERT INTO country (id,code)
    VALUES (142,'MS');

INSERT INTO country (id,code)
    VALUES (143,'MA');

INSERT INTO country (id,code)
    VALUES (144,'MZ');

INSERT INTO country (id,code)
    VALUES (145,'MM');

INSERT INTO country (id,code)
    VALUES (146,'NA');

INSERT INTO country (id,code)
    VALUES (147,'NR');

INSERT INTO country (id,code)
    VALUES (148,'NP');

INSERT INTO country (id,code)
    VALUES (149,'NL');

INSERT INTO country (id,code)
    VALUES (150,'AN');

INSERT INTO country (id,code)
    VALUES (151,'NC');

INSERT INTO country (id,code)
    VALUES (152,'NZ');

INSERT INTO country (id,code)
    VALUES (153,'NI');

INSERT INTO country (id,code)
    VALUES (154,'NE');

INSERT INTO country (id,code)
    VALUES (155,'NG');

INSERT INTO country (id,code)
    VALUES (156,'NU');

INSERT INTO country (id,code)
    VALUES (157,'NF');

INSERT INTO country (id,code)
    VALUES (158,'KP');

INSERT INTO country (id,code)
    VALUES (159,'MP');

INSERT INTO country (id,code)
    VALUES (160,'NO');

INSERT INTO country (id,code)
    VALUES (161,'OM');

INSERT INTO country (id,code)
    VALUES (162,'PK');

INSERT INTO country (id,code)
    VALUES (163,'PW');

INSERT INTO country (id,code)
    VALUES (164,'PA');

INSERT INTO country (id,code)
    VALUES (165,'PG');

INSERT INTO country (id,code)
    VALUES (166,'PY');

INSERT INTO country (id,code)
    VALUES (167,'PE');

INSERT INTO country (id,code)
    VALUES (168,'PH');

INSERT INTO country (id,code)
    VALUES (169,'PN');

INSERT INTO country (id,code)
    VALUES (170,'PL');

INSERT INTO country (id,code)
    VALUES (171,'PT');

INSERT INTO country (id,code)
    VALUES (172,'PR');

INSERT INTO country (id,code)
    VALUES (173,'QA');

INSERT INTO country (id,code)
    VALUES (174,'RE');

INSERT INTO country (id,code)
    VALUES (175,'RO');

INSERT INTO country (id,code)
    VALUES (176,'RU');

INSERT INTO country (id,code)
    VALUES (177,'RW');

INSERT INTO country (id,code)
    VALUES (178,'WS');

INSERT INTO country (id,code)
    VALUES (179,'SM');

INSERT INTO country (id,code)
    VALUES (180,'ST');

INSERT INTO country (id,code)
    VALUES (181,'SA');

INSERT INTO country (id,code)
    VALUES (182,'SN');

INSERT INTO country (id,code)
    VALUES (183,'YU');

INSERT INTO country (id,code)
    VALUES (184,'SC');

INSERT INTO country (id,code)
    VALUES (185,'SL');

INSERT INTO country (id,code)
    VALUES (186,'SG');

INSERT INTO country (id,code)
    VALUES (187,'SK');

INSERT INTO country (id,code)
    VALUES (188,'SI');

INSERT INTO country (id,code)
    VALUES (189,'SB');

INSERT INTO country (id,code)
    VALUES (190,'SO');

INSERT INTO country (id,code)
    VALUES (191,'ZA');

INSERT INTO country (id,code)
    VALUES (192,'GS');

INSERT INTO country (id,code)
    VALUES (193,'ES');

INSERT INTO country (id,code)
    VALUES (194,'LK');

INSERT INTO country (id,code)
    VALUES (195,'SH');

INSERT INTO country (id,code)
    VALUES (196,'KN');

INSERT INTO country (id,code)
    VALUES (197,'LC');

INSERT INTO country (id,code)
    VALUES (198,'PM');

INSERT INTO country (id,code)
    VALUES (199,'VC');

INSERT INTO country (id,code)
    VALUES (200,'SD');

INSERT INTO country (id,code)
    VALUES (201,'SR');

INSERT INTO country (id,code)
    VALUES (202,'SJ');

INSERT INTO country (id,code)
    VALUES (203,'SZ');

INSERT INTO country (id,code)
    VALUES (204,'SE');

INSERT INTO country (id,code)
    VALUES (205,'CH');

INSERT INTO country (id,code)
    VALUES (206,'SY');

INSERT INTO country (id,code)
    VALUES (207,'TW');

INSERT INTO country (id,code)
    VALUES (208,'TJ');

INSERT INTO country (id,code)
    VALUES (209,'TZ');

INSERT INTO country (id,code)
    VALUES (210,'TH');

INSERT INTO country (id,code)
    VALUES (211,'TG');

INSERT INTO country (id,code)
    VALUES (212,'TK');

INSERT INTO country (id,code)
    VALUES (213,'TO');

INSERT INTO country (id,code)
    VALUES (214,'TT');

INSERT INTO country (id,code)
    VALUES (215,'TN');

INSERT INTO country (id,code)
    VALUES (216,'TR');

INSERT INTO country (id,code)
    VALUES (217,'TM');

INSERT INTO country (id,code)
    VALUES (218,'TC');

INSERT INTO country (id,code)
    VALUES (219,'TV');

INSERT INTO country (id,code)
    VALUES (220,'UG');

INSERT INTO country (id,code)
    VALUES (221,'UA');

INSERT INTO country (id,code)
    VALUES (222,'AE');

INSERT INTO country (id,code)
    VALUES (223,'UK');

INSERT INTO country (id,code)
    VALUES (224,'US');

INSERT INTO country (id,code)
    VALUES (225,'UM');

INSERT INTO country (id,code)
    VALUES (226,'UY');

INSERT INTO country (id,code)
    VALUES (227,'UZ');

INSERT INTO country (id,code)
    VALUES (228,'VU');

INSERT INTO country (id,code)
    VALUES (229,'VA');

INSERT INTO country (id,code)
    VALUES (230,'VE');

INSERT INTO country (id,code)
    VALUES (231,'VN');

INSERT INTO country (id,code)
    VALUES (232,'VG');

INSERT INTO country (id,code)
    VALUES (233,'VI');

INSERT INTO country (id,code)
    VALUES (234,'WF');

INSERT INTO country (id,code)
    VALUES (235,'YE');

INSERT INTO country (id,code)
    VALUES (236,'ZM');

INSERT INTO country (id,code)
    VALUES (237,'ZW');

INSERT INTO currency (id,symbol,code,country_code,OPTLOCK)
    VALUES (1,'US$','USD','US',0);

INSERT INTO currency (id,symbol,code,country_code,OPTLOCK)
    VALUES (2,'C$','CAD','CA',0);

INSERT INTO currency (id,symbol,code,country_code,OPTLOCK)
    VALUES (3,'&#8364;','EUR','EU',0);

INSERT INTO currency (id,symbol,code,country_code,OPTLOCK)
    VALUES (4,'&#165;','JPY','JP',0);

INSERT INTO currency (id,symbol,code,country_code,OPTLOCK)
    VALUES (5,'&#163;','GBP','UK',0);

INSERT INTO currency (id,symbol,code,country_code,OPTLOCK)
    VALUES (6,'&#8361;','KRW','KR',0);

INSERT INTO currency (id,symbol,code,country_code,OPTLOCK)
    VALUES (7,'Sf','CHF','CH',0);

INSERT INTO currency (id,symbol,code,country_code,OPTLOCK)
    VALUES (8,'SeK','SEK','SE',0);

INSERT INTO currency (id,symbol,code,country_code,OPTLOCK)
    VALUES (9,'S$','SGD','SG',0);

INSERT INTO currency (id,symbol,code,country_code,OPTLOCK)
    VALUES (10,'M$','MYR','MY',0);

INSERT INTO currency (id,symbol,code,country_code,OPTLOCK)
    VALUES (11,'$','AUD','AU',0);

INSERT INTO currency_exchange (id,entity_id,currency_id,rate,create_datetime,OPTLOCK)
    VALUES (1,0,2,1.325,'2004-03-09 00:00:00',1);

INSERT INTO currency_exchange (id,entity_id,currency_id,rate,create_datetime,OPTLOCK)
    VALUES (2,0,3,0.8118,'2004-03-09 00:00:00',1);

INSERT INTO currency_exchange (id,entity_id,currency_id,rate,create_datetime,OPTLOCK)
    VALUES (3,0,4,111.4,'2004-03-09 00:00:00',1);

INSERT INTO currency_exchange (id,entity_id,currency_id,rate,create_datetime,OPTLOCK)
    VALUES (4,0,5,0.5479,'2004-03-09 00:00:00',1);

INSERT INTO currency_exchange (id,entity_id,currency_id,rate,create_datetime,OPTLOCK)
    VALUES (5,0,6,1171,'2004-03-09 00:00:00',1);

INSERT INTO currency_exchange (id,entity_id,currency_id,rate,create_datetime,OPTLOCK)
    VALUES (6,0,7,1.23,'2004-07-06 00:00:00',1);

INSERT INTO currency_exchange (id,entity_id,currency_id,rate,create_datetime,OPTLOCK)
    VALUES (7,0,8,7.47,'2004-07-06 00:00:00',1);

INSERT INTO currency_exchange (id,entity_id,currency_id,rate,create_datetime,OPTLOCK)
    VALUES (10,0,9,1.68,'2004-10-12 00:00:00',1);

INSERT INTO currency_exchange (id,entity_id,currency_id,rate,create_datetime,OPTLOCK)
    VALUES (11,0,10,3.8,'2004-10-12 00:00:00',1);

INSERT INTO currency_exchange (id,entity_id,currency_id,rate,create_datetime,OPTLOCK)
    VALUES (12,0,11,1.288,'2007-01-25 00:00:00',1);

INSERT INTO event_log_message (id)
    VALUES (1);

INSERT INTO event_log_message (id)
    VALUES (2);

INSERT INTO event_log_message (id)
    VALUES (3);

INSERT INTO event_log_message (id)
    VALUES (4);

INSERT INTO event_log_message (id)
    VALUES (5);

INSERT INTO event_log_message (id)
    VALUES (6);

INSERT INTO event_log_message (id)
    VALUES (7);

INSERT INTO event_log_message (id)
    VALUES (8);

INSERT INTO event_log_message (id)
    VALUES (9);

INSERT INTO event_log_message (id)
    VALUES (10);

INSERT INTO event_log_message (id)
    VALUES (11);

INSERT INTO event_log_message (id)
    VALUES (12);

INSERT INTO event_log_message (id)
    VALUES (13);

INSERT INTO event_log_message (id)
    VALUES (14);

INSERT INTO event_log_message (id)
    VALUES (15);

INSERT INTO event_log_message (id)
    VALUES (16);

INSERT INTO event_log_message (id)
    VALUES (17);

INSERT INTO event_log_message (id)
    VALUES (18);

INSERT INTO event_log_message (id)
    VALUES (19);

INSERT INTO event_log_message (id)
    VALUES (20);

INSERT INTO event_log_message (id)
    VALUES (21);

INSERT INTO event_log_message (id)
    VALUES (22);

INSERT INTO event_log_message (id)
    VALUES (23);

INSERT INTO event_log_message (id)
    VALUES (24);

INSERT INTO event_log_message (id)
    VALUES (25);

INSERT INTO event_log_message (id)
    VALUES (26);

INSERT INTO event_log_message (id)
    VALUES (27);

INSERT INTO event_log_message (id)
    VALUES (28);

INSERT INTO event_log_message (id)
    VALUES (29);

INSERT INTO event_log_message (id)
    VALUES (30);

INSERT INTO event_log_message (id)
    VALUES (31);

INSERT INTO event_log_message (id)
    VALUES (32);

INSERT INTO event_log_message (id)
    VALUES (33);

INSERT INTO event_log_message (id)
    VALUES (34);

INSERT INTO event_log_module (id)
    VALUES (1);

INSERT INTO event_log_module (id)
    VALUES (2);

INSERT INTO event_log_module (id)
    VALUES (3);

INSERT INTO event_log_module (id)
    VALUES (4);

INSERT INTO event_log_module (id)
    VALUES (5);

INSERT INTO event_log_module (id)
    VALUES (6);

INSERT INTO event_log_module (id)
    VALUES (7);

INSERT INTO event_log_module (id)
    VALUES (8);

INSERT INTO event_log_module (id)
    VALUES (9);

INSERT INTO event_log_module (id)
    VALUES (10);

INSERT INTO event_log_module (id)
    VALUES (11);

INSERT INTO event_log_module (id)
    VALUES (12);

INSERT INTO event_log_module (id)
    VALUES (13);

INSERT INTO event_log_module (id)
    VALUES (14);

INSERT INTO event_log_module (id)
    VALUES (15);


INSERT INTO international_description (table_id,foreign_id,psudo_column,language_id,content)
    VALUES (81,4,'description',1,'Pending Expiration');

INSERT INTO international_description (table_id,foreign_id,psudo_column,language_id,content)
    VALUES (81,5,'description',1,'Expired');

INSERT INTO international_description (table_id,foreign_id,psudo_column,language_id,content)
    VALUES (81,6,'description',1,'Nonsubscriber');

INSERT INTO international_description (table_id,foreign_id,psudo_column,language_id,content)
    VALUES (50,20,'description',1,'Manual invoice deletion');

INSERT INTO international_description (table_id,foreign_id,psudo_column,language_id,content)
    VALUES (46,9,'description',1,'Invoice maintenance');

INSERT INTO international_description (table_id,foreign_id,psudo_column,language_id,content)
    VALUES (46,11,'description',1,'Pluggable tasks maintenance');

INSERT INTO international_description (table_id,foreign_id,psudo_column,language_id,content)
    VALUES (47,16,'description',1,'A purchase order as been manually applied to an invoice.');

INSERT INTO international_description (table_id,foreign_id,psudo_column,language_id,content)
    VALUES (52,17,'description',1,'Payment (failed)');

INSERT INTO international_description (table_id,foreign_id,psudo_column,language_id,content)
    VALUES (52,16,'description',1,'Payment (successful)');

INSERT INTO international_description (table_id,foreign_id,psudo_column,language_id,content)
    VALUES (35,6,'description',1,'Discovery');

INSERT INTO international_description (table_id,foreign_id,psudo_column,language_id,content)
    VALUES (35,7,'description',1,'Diners');

INSERT INTO international_description (table_id,foreign_id,psudo_column,language_id,content)
    VALUES (50,16,'description',1,'Days before expiration for order notification 2');

INSERT INTO international_description (table_id,foreign_id,psudo_column,language_id,content)
    VALUES (50,17,'description',1,'Days before expiration for order notification 3');

INSERT INTO international_description (table_id,foreign_id,psudo_column,language_id,content)
    VALUES (52,13,'description',1,'Order about to expire. Step 1');

INSERT INTO international_description (table_id,foreign_id,psudo_column,language_id,content)
    VALUES (52,14,'description',1,'Order about to expire. Step 2');

INSERT INTO international_description (table_id,foreign_id,psudo_column,language_id,content)
    VALUES (52,15,'description',1,'Order about to expire. Step 3');

INSERT INTO international_description (table_id,foreign_id,psudo_column,language_id,content)
    VALUES (35,4,'description',1,'AMEX');

INSERT INTO international_description (table_id,foreign_id,psudo_column,language_id,content)
    VALUES (35,5,'description',1,'ACH');

INSERT INTO international_description (table_id,foreign_id,psudo_column,language_id,content)
    VALUES (50,14,'description',1,'Include customer notes in invoice');

INSERT INTO international_description (table_id,foreign_id,psudo_column,language_id,content)
    VALUES (50,18,'description',1,'Invoice number prefix');

INSERT INTO international_description (table_id,foreign_id,psudo_column,language_id,content)
    VALUES (64,234,'description',1,'Wallis and Futuna');

INSERT INTO international_description (table_id,foreign_id,psudo_column,language_id,content)
    VALUES (64,235,'description',1,'Yemen');

INSERT INTO international_description (table_id,foreign_id,psudo_column,language_id,content)
    VALUES (64,236,'description',1,'Zambia');

INSERT INTO international_description (table_id,foreign_id,psudo_column,language_id,content)
    VALUES (64,237,'description',1,'Zimbabwe');

INSERT INTO international_description (table_id,foreign_id,psudo_column,language_id,content)
    VALUES (50,15,'description',1,'Days before expiration for order notification');

INSERT INTO international_description (table_id,foreign_id,psudo_column,language_id,content)
    VALUES (50,21,'description',1,'Use invoice reminders');

INSERT INTO international_description (table_id,foreign_id,psudo_column,language_id,content)
    VALUES (50,22,'description',1,'Number of days after the invoice generation for the first reminder');

INSERT INTO international_description (table_id,foreign_id,psudo_column,language_id,content)
    VALUES (50,23,'description',1,'Number of days for next reminder');

INSERT INTO international_description (table_id,foreign_id,psudo_column,language_id,content)
    VALUES (64,227,'description',1,'Uzbekistan');

INSERT INTO international_description (table_id,foreign_id,psudo_column,language_id,content)
    VALUES (64,147,'description',1,'Nauru');

INSERT INTO international_description (table_id,foreign_id,psudo_column,language_id,content)
    VALUES (64,148,'description',1,'Nepal');

INSERT INTO international_description (table_id,foreign_id,psudo_column,language_id,content)
    VALUES (64,149,'description',1,'Netherlands');

INSERT INTO international_description (table_id,foreign_id,psudo_column,language_id,content)
    VALUES (64,150,'description',1,'Netherlands Antilles');

INSERT INTO international_description (table_id,foreign_id,psudo_column,language_id,content)
    VALUES (64,151,'description',1,'New Caledonia');

INSERT INTO international_description (table_id,foreign_id,psudo_column,language_id,content)
    VALUES (64,152,'description',1,'New Zealand');

INSERT INTO international_description (table_id,foreign_id,psudo_column,language_id,content)
    VALUES (64,153,'description',1,'Nicaragua');

INSERT INTO international_description (table_id,foreign_id,psudo_column,language_id,content)
    VALUES (64,154,'description',1,'Niger');

INSERT INTO international_description (table_id,foreign_id,psudo_column,language_id,content)
    VALUES (64,155,'description',1,'Nigeria');

INSERT INTO international_description (table_id,foreign_id,psudo_column,language_id,content)
    VALUES (64,156,'description',1,'Niue');

INSERT INTO international_description (table_id,foreign_id,psudo_column,language_id,content)
    VALUES (64,157,'description',1,'Norfolk Island');

INSERT INTO international_description (table_id,foreign_id,psudo_column,language_id,content)
    VALUES (64,158,'description',1,'North Korea');

INSERT INTO international_description (table_id,foreign_id,psudo_column,language_id,content)
    VALUES (64,159,'description',1,'Northern Mariana Islands');

INSERT INTO international_description (table_id,foreign_id,psudo_column,language_id,content)
    VALUES (64,160,'description',1,'Norway');

INSERT INTO international_description (table_id,foreign_id,psudo_column,language_id,content)
    VALUES (64,161,'description',1,'Oman');

INSERT INTO international_description (table_id,foreign_id,psudo_column,language_id,content)
    VALUES (64,162,'description',1,'Pakistan');

INSERT INTO international_description (table_id,foreign_id,psudo_column,language_id,content)
    VALUES (64,163,'description',1,'Palau');

INSERT INTO international_description (table_id,foreign_id,psudo_column,language_id,content)
    VALUES (64,164,'description',1,'Panama');

INSERT INTO international_description (table_id,foreign_id,psudo_column,language_id,content)
    VALUES (64,165,'description',1,'Papua New Guinea');

INSERT INTO international_description (table_id,foreign_id,psudo_column,language_id,content)
    VALUES (64,166,'description',1,'Paraguay');

INSERT INTO international_description (table_id,foreign_id,psudo_column,language_id,content)
    VALUES (64,167,'description',1,'Peru');

INSERT INTO international_description (table_id,foreign_id,psudo_column,language_id,content)
    VALUES (64,168,'description',1,'Philippines');

INSERT INTO international_description (table_id,foreign_id,psudo_column,language_id,content)
    VALUES (64,169,'description',1,'Pitcairn Islands');

INSERT INTO international_description (table_id,foreign_id,psudo_column,language_id,content)
    VALUES (64,170,'description',1,'Poland');

INSERT INTO international_description (table_id,foreign_id,psudo_column,language_id,content)
    VALUES (64,171,'description',1,'Portugal');

INSERT INTO international_description (table_id,foreign_id,psudo_column,language_id,content)
    VALUES (64,172,'description',1,'Puerto Rico');

INSERT INTO international_description (table_id,foreign_id,psudo_column,language_id,content)
    VALUES (64,173,'description',1,'Qatar');

INSERT INTO international_description (table_id,foreign_id,psudo_column,language_id,content)
    VALUES (64,174,'description',1,'Reunion');

INSERT INTO international_description (table_id,foreign_id,psudo_column,language_id,content)
    VALUES (64,175,'description',1,'Romania');

INSERT INTO international_description (table_id,foreign_id,psudo_column,language_id,content)
    VALUES (64,176,'description',1,'Russia');

INSERT INTO international_description (table_id,foreign_id,psudo_column,language_id,content)
    VALUES (64,177,'description',1,'Rwanda');

INSERT INTO international_description (table_id,foreign_id,psudo_column,language_id,content)
    VALUES (64,178,'description',1,'Samoa');

INSERT INTO international_description (table_id,foreign_id,psudo_column,language_id,content)
    VALUES (64,179,'description',1,'San Marino');

INSERT INTO international_description (table_id,foreign_id,psudo_column,language_id,content)
    VALUES (64,180,'description',1,'Sao Tome and Principe');

INSERT INTO international_description (table_id,foreign_id,psudo_column,language_id,content)
    VALUES (64,181,'description',1,'Saudi Arabia');

INSERT INTO international_description (table_id,foreign_id,psudo_column,language_id,content)
    VALUES (64,182,'description',1,'Senegal');

INSERT INTO international_description (table_id,foreign_id,psudo_column,language_id,content)
    VALUES (64,183,'description',1,'Serbia and Montenegro');

INSERT INTO international_description (table_id,foreign_id,psudo_column,language_id,content)
    VALUES (64,184,'description',1,'Seychelles');

INSERT INTO international_description (table_id,foreign_id,psudo_column,language_id,content)
    VALUES (64,185,'description',1,'Sierra Leone');

INSERT INTO international_description (table_id,foreign_id,psudo_column,language_id,content)
    VALUES (64,186,'description',1,'Singapore');

INSERT INTO international_description (table_id,foreign_id,psudo_column,language_id,content)
    VALUES (64,187,'description',1,'Slovakia');

INSERT INTO international_description (table_id,foreign_id,psudo_column,language_id,content)
    VALUES (64,188,'description',1,'Slovenia');

INSERT INTO international_description (table_id,foreign_id,psudo_column,language_id,content)
    VALUES (64,189,'description',1,'Solomon Islands');

INSERT INTO international_description (table_id,foreign_id,psudo_column,language_id,content)
    VALUES (64,190,'description',1,'Somalia');

INSERT INTO international_description (table_id,foreign_id,psudo_column,language_id,content)
    VALUES (64,191,'description',1,'South Africa');

INSERT INTO international_description (table_id,foreign_id,psudo_column,language_id,content)
    VALUES (64,192,'description',1,'South Georgia and the South Sandwich Islands');

INSERT INTO international_description (table_id,foreign_id,psudo_column,language_id,content)
    VALUES (64,193,'description',1,'Spain');

INSERT INTO international_description (table_id,foreign_id,psudo_column,language_id,content)
    VALUES (64,194,'description',1,'Sri Lanka');

INSERT INTO international_description (table_id,foreign_id,psudo_column,language_id,content)
    VALUES (64,195,'description',1,'St. Helena');

INSERT INTO international_description (table_id,foreign_id,psudo_column,language_id,content)
    VALUES (64,196,'description',1,'St. Kitts and Nevis');

INSERT INTO international_description (table_id,foreign_id,psudo_column,language_id,content)
    VALUES (64,197,'description',1,'St. Lucia');

INSERT INTO international_description (table_id,foreign_id,psudo_column,language_id,content)
    VALUES (64,198,'description',1,'St. Pierre and Miquelon');

INSERT INTO international_description (table_id,foreign_id,psudo_column,language_id,content)
    VALUES (64,199,'description',1,'St. Vincent and the Grenadines');

INSERT INTO international_description (table_id,foreign_id,psudo_column,language_id,content)
    VALUES (64,200,'description',1,'Sudan');

INSERT INTO international_description (table_id,foreign_id,psudo_column,language_id,content)
    VALUES (64,201,'description',1,'Suriname');

INSERT INTO international_description (table_id,foreign_id,psudo_column,language_id,content)
    VALUES (64,202,'description',1,'Svalbard and Jan Mayen');

INSERT INTO international_description (table_id,foreign_id,psudo_column,language_id,content)
    VALUES (64,203,'description',1,'Swaziland');

INSERT INTO international_description (table_id,foreign_id,psudo_column,language_id,content)
    VALUES (64,204,'description',1,'Sweden');

INSERT INTO international_description (table_id,foreign_id,psudo_column,language_id,content)
    VALUES (64,205,'description',1,'Switzerland');

INSERT INTO international_description (table_id,foreign_id,psudo_column,language_id,content)
    VALUES (64,206,'description',1,'Syria');

INSERT INTO international_description (table_id,foreign_id,psudo_column,language_id,content)
    VALUES (64,207,'description',1,'Taiwan');

INSERT INTO international_description (table_id,foreign_id,psudo_column,language_id,content)
    VALUES (64,208,'description',1,'Tajikistan');

INSERT INTO international_description (table_id,foreign_id,psudo_column,language_id,content)
    VALUES (64,209,'description',1,'Tanzania');

INSERT INTO international_description (table_id,foreign_id,psudo_column,language_id,content)
    VALUES (64,210,'description',1,'Thailand');

INSERT INTO international_description (table_id,foreign_id,psudo_column,language_id,content)
    VALUES (64,211,'description',1,'Togo');

INSERT INTO international_description (table_id,foreign_id,psudo_column,language_id,content)
    VALUES (64,212,'description',1,'Tokelau');

INSERT INTO international_description (table_id,foreign_id,psudo_column,language_id,content)
    VALUES (64,213,'description',1,'Tonga');

INSERT INTO international_description (table_id,foreign_id,psudo_column,language_id,content)
    VALUES (64,214,'description',1,'Trinidad and Tobago');

INSERT INTO international_description (table_id,foreign_id,psudo_column,language_id,content)
    VALUES (64,215,'description',1,'Tunisia');

INSERT INTO international_description (table_id,foreign_id,psudo_column,language_id,content)
    VALUES (64,216,'description',1,'Turkey');

INSERT INTO international_description (table_id,foreign_id,psudo_column,language_id,content)
    VALUES (64,217,'description',1,'Turkmenistan');

INSERT INTO international_description (table_id,foreign_id,psudo_column,language_id,content)
    VALUES (64,218,'description',1,'Turks and Caicos Islands');

INSERT INTO international_description (table_id,foreign_id,psudo_column,language_id,content)
    VALUES (64,219,'description',1,'Tuvalu');

INSERT INTO international_description (table_id,foreign_id,psudo_column,language_id,content)
    VALUES (64,220,'description',1,'Uganda');

INSERT INTO international_description (table_id,foreign_id,psudo_column,language_id,content)
    VALUES (64,221,'description',1,'Ukraine');

INSERT INTO international_description (table_id,foreign_id,psudo_column,language_id,content)
    VALUES (64,222,'description',1,'United Arab Emirates');

INSERT INTO international_description (table_id,foreign_id,psudo_column,language_id,content)
    VALUES (64,223,'description',1,'United Kingdom');

INSERT INTO international_description (table_id,foreign_id,psudo_column,language_id,content)
    VALUES (64,224,'description',1,'United States');

INSERT INTO international_description (table_id,foreign_id,psudo_column,language_id,content)
    VALUES (64,225,'description',1,'United States Minor Outlying Islands');

INSERT INTO international_description (table_id,foreign_id,psudo_column,language_id,content)
    VALUES (64,226,'description',1,'Uruguay');

INSERT INTO international_description (table_id,foreign_id,psudo_column,language_id,content)
    VALUES (64,228,'description',1,'Vanuatu');

INSERT INTO international_description (table_id,foreign_id,psudo_column,language_id,content)
    VALUES (64,229,'description',1,'Vatican City');

INSERT INTO international_description (table_id,foreign_id,psudo_column,language_id,content)
    VALUES (64,230,'description',1,'Venezuela');

INSERT INTO international_description (table_id,foreign_id,psudo_column,language_id,content)
    VALUES (64,231,'description',1,'Viet Nam');

INSERT INTO international_description (table_id,foreign_id,psudo_column,language_id,content)
    VALUES (64,232,'description',1,'Virgin Islands - British');

INSERT INTO international_description (table_id,foreign_id,psudo_column,language_id,content)
    VALUES (64,233,'description',1,'Virgin Islands');

INSERT INTO international_description (table_id,foreign_id,psudo_column,language_id,content)
    VALUES (64,57,'description',1,'Congo - DRC');

INSERT INTO international_description (table_id,foreign_id,psudo_column,language_id,content)
    VALUES (64,58,'description',1,'Denmark');

INSERT INTO international_description (table_id,foreign_id,psudo_column,language_id,content)
    VALUES (64,59,'description',1,'Djibouti');

INSERT INTO international_description (table_id,foreign_id,psudo_column,language_id,content)
    VALUES (64,60,'description',1,'Dominica');

INSERT INTO international_description (table_id,foreign_id,psudo_column,language_id,content)
    VALUES (64,61,'description',1,'Dominican Republic');

INSERT INTO international_description (table_id,foreign_id,psudo_column,language_id,content)
    VALUES (64,62,'description',1,'East Timor');

INSERT INTO international_description (table_id,foreign_id,psudo_column,language_id,content)
    VALUES (64,63,'description',1,'Ecuador');

INSERT INTO international_description (table_id,foreign_id,psudo_column,language_id,content)
    VALUES (64,64,'description',1,'Egypt');

INSERT INTO international_description (table_id,foreign_id,psudo_column,language_id,content)
    VALUES (64,65,'description',1,'El Salvador');

INSERT INTO international_description (table_id,foreign_id,psudo_column,language_id,content)
    VALUES (64,66,'description',1,'Equatorial Guinea');

INSERT INTO international_description (table_id,foreign_id,psudo_column,language_id,content)
    VALUES (64,67,'description',1,'Eritrea');

INSERT INTO international_description (table_id,foreign_id,psudo_column,language_id,content)
    VALUES (64,68,'description',1,'Estonia');

INSERT INTO international_description (table_id,foreign_id,psudo_column,language_id,content)
    VALUES (64,69,'description',1,'Ethiopia');

INSERT INTO international_description (table_id,foreign_id,psudo_column,language_id,content)
    VALUES (64,70,'description',1,'Malvinas Islands');

INSERT INTO international_description (table_id,foreign_id,psudo_column,language_id,content)
    VALUES (64,71,'description',1,'Faroe Islands');

INSERT INTO international_description (table_id,foreign_id,psudo_column,language_id,content)
    VALUES (64,72,'description',1,'Fiji Islands');

INSERT INTO international_description (table_id,foreign_id,psudo_column,language_id,content)
    VALUES (64,73,'description',1,'Finland');

INSERT INTO international_description (table_id,foreign_id,psudo_column,language_id,content)
    VALUES (64,74,'description',1,'France');

INSERT INTO international_description (table_id,foreign_id,psudo_column,language_id,content)
    VALUES (64,75,'description',1,'French Guiana');

INSERT INTO international_description (table_id,foreign_id,psudo_column,language_id,content)
    VALUES (64,76,'description',1,'French Polynesia');

INSERT INTO international_description (table_id,foreign_id,psudo_column,language_id,content)
    VALUES (64,77,'description',1,'French Southern and Antarctic Lands');

INSERT INTO international_description (table_id,foreign_id,psudo_column,language_id,content)
    VALUES (64,78,'description',1,'Gabon');

INSERT INTO international_description (table_id,foreign_id,psudo_column,language_id,content)
    VALUES (64,79,'description',1,'Gambia');

INSERT INTO international_description (table_id,foreign_id,psudo_column,language_id,content)
    VALUES (64,80,'description',1,'Georgia');

INSERT INTO international_description (table_id,foreign_id,psudo_column,language_id,content)
    VALUES (64,81,'description',1,'Germany');

INSERT INTO international_description (table_id,foreign_id,psudo_column,language_id,content)
    VALUES (64,82,'description',1,'Ghana');

INSERT INTO international_description (table_id,foreign_id,psudo_column,language_id,content)
    VALUES (64,83,'description',1,'Gibraltar');

INSERT INTO international_description (table_id,foreign_id,psudo_column,language_id,content)
    VALUES (64,84,'description',1,'Greece');

INSERT INTO international_description (table_id,foreign_id,psudo_column,language_id,content)
    VALUES (64,85,'description',1,'Greenland');

INSERT INTO international_description (table_id,foreign_id,psudo_column,language_id,content)
    VALUES (64,86,'description',1,'Grenada');

INSERT INTO international_description (table_id,foreign_id,psudo_column,language_id,content)
    VALUES (64,87,'description',1,'Guadeloupe');

INSERT INTO international_description (table_id,foreign_id,psudo_column,language_id,content)
    VALUES (64,88,'description',1,'Guam');

INSERT INTO international_description (table_id,foreign_id,psudo_column,language_id,content)
    VALUES (64,89,'description',1,'Guatemala');

INSERT INTO international_description (table_id,foreign_id,psudo_column,language_id,content)
    VALUES (64,90,'description',1,'Guinea');

INSERT INTO international_description (table_id,foreign_id,psudo_column,language_id,content)
    VALUES (64,91,'description',1,'Guinea-Bissau');

INSERT INTO international_description (table_id,foreign_id,psudo_column,language_id,content)
    VALUES (64,92,'description',1,'Guyana');

INSERT INTO international_description (table_id,foreign_id,psudo_column,language_id,content)
    VALUES (64,93,'description',1,'Haiti');

INSERT INTO international_description (table_id,foreign_id,psudo_column,language_id,content)
    VALUES (64,94,'description',1,'Heard Island and McDonald Islands');

INSERT INTO international_description (table_id,foreign_id,psudo_column,language_id,content)
    VALUES (64,95,'description',1,'Honduras');

INSERT INTO international_description (table_id,foreign_id,psudo_column,language_id,content)
    VALUES (64,96,'description',1,'Hong Kong SAR');

INSERT INTO international_description (table_id,foreign_id,psudo_column,language_id,content)
    VALUES (64,97,'description',1,'Hungary');

INSERT INTO international_description (table_id,foreign_id,psudo_column,language_id,content)
    VALUES (64,98,'description',1,'Iceland');

INSERT INTO international_description (table_id,foreign_id,psudo_column,language_id,content)
    VALUES (64,99,'description',1,'India');

INSERT INTO international_description (table_id,foreign_id,psudo_column,language_id,content)
    VALUES (64,100,'description',1,'Indonesia');

INSERT INTO international_description (table_id,foreign_id,psudo_column,language_id,content)
    VALUES (64,101,'description',1,'Iran');

INSERT INTO international_description (table_id,foreign_id,psudo_column,language_id,content)
    VALUES (64,102,'description',1,'Iraq');

INSERT INTO international_description (table_id,foreign_id,psudo_column,language_id,content)
    VALUES (64,103,'description',1,'Ireland');

INSERT INTO international_description (table_id,foreign_id,psudo_column,language_id,content)
    VALUES (64,104,'description',1,'Israel');

INSERT INTO international_description (table_id,foreign_id,psudo_column,language_id,content)
    VALUES (64,105,'description',1,'Italy');

INSERT INTO international_description (table_id,foreign_id,psudo_column,language_id,content)
    VALUES (64,106,'description',1,'Jamaica');

INSERT INTO international_description (table_id,foreign_id,psudo_column,language_id,content)
    VALUES (64,107,'description',1,'Japan');

INSERT INTO international_description (table_id,foreign_id,psudo_column,language_id,content)
    VALUES (64,108,'description',1,'Jordan');

INSERT INTO international_description (table_id,foreign_id,psudo_column,language_id,content)
    VALUES (64,109,'description',1,'Kazakhstan');

INSERT INTO international_description (table_id,foreign_id,psudo_column,language_id,content)
    VALUES (64,110,'description',1,'Kenya');

INSERT INTO international_description (table_id,foreign_id,psudo_column,language_id,content)
    VALUES (64,111,'description',1,'Kiribati');

INSERT INTO international_description (table_id,foreign_id,psudo_column,language_id,content)
    VALUES (64,112,'description',1,'Korea');

INSERT INTO international_description (table_id,foreign_id,psudo_column,language_id,content)
    VALUES (64,113,'description',1,'Kuwait');

INSERT INTO international_description (table_id,foreign_id,psudo_column,language_id,content)
    VALUES (64,114,'description',1,'Kyrgyzstan');

INSERT INTO international_description (table_id,foreign_id,psudo_column,language_id,content)
    VALUES (64,115,'description',1,'Laos');

INSERT INTO international_description (table_id,foreign_id,psudo_column,language_id,content)
    VALUES (64,116,'description',1,'Latvia');

INSERT INTO international_description (table_id,foreign_id,psudo_column,language_id,content)
    VALUES (64,117,'description',1,'Lebanon');

INSERT INTO international_description (table_id,foreign_id,psudo_column,language_id,content)
    VALUES (64,118,'description',1,'Lesotho');

INSERT INTO international_description (table_id,foreign_id,psudo_column,language_id,content)
    VALUES (64,119,'description',1,'Liberia');

INSERT INTO international_description (table_id,foreign_id,psudo_column,language_id,content)
    VALUES (64,120,'description',1,'Libya');

INSERT INTO international_description (table_id,foreign_id,psudo_column,language_id,content)
    VALUES (64,121,'description',1,'Liechtenstein');

INSERT INTO international_description (table_id,foreign_id,psudo_column,language_id,content)
    VALUES (64,122,'description',1,'Lithuania');

INSERT INTO international_description (table_id,foreign_id,psudo_column,language_id,content)
    VALUES (64,123,'description',1,'Luxembourg');

INSERT INTO international_description (table_id,foreign_id,psudo_column,language_id,content)
    VALUES (64,124,'description',1,'Macao SAR');

INSERT INTO international_description (table_id,foreign_id,psudo_column,language_id,content)
    VALUES (64,125,'description',1,'Macedonia, Former Yugoslav Republic of');

INSERT INTO international_description (table_id,foreign_id,psudo_column,language_id,content)
    VALUES (64,126,'description',1,'Madagascar');

INSERT INTO international_description (table_id,foreign_id,psudo_column,language_id,content)
    VALUES (64,127,'description',1,'Malawi');

INSERT INTO international_description (table_id,foreign_id,psudo_column,language_id,content)
    VALUES (64,128,'description',1,'Malaysia');

INSERT INTO international_description (table_id,foreign_id,psudo_column,language_id,content)
    VALUES (64,129,'description',1,'Maldives');

INSERT INTO international_description (table_id,foreign_id,psudo_column,language_id,content)
    VALUES (64,130,'description',1,'Mali');

INSERT INTO international_description (table_id,foreign_id,psudo_column,language_id,content)
    VALUES (64,131,'description',1,'Malta');

INSERT INTO international_description (table_id,foreign_id,psudo_column,language_id,content)
    VALUES (64,132,'description',1,'Marshall Islands');

INSERT INTO international_description (table_id,foreign_id,psudo_column,language_id,content)
    VALUES (64,133,'description',1,'Martinique');

INSERT INTO international_description (table_id,foreign_id,psudo_column,language_id,content)
    VALUES (64,134,'description',1,'Mauritania');

INSERT INTO international_description (table_id,foreign_id,psudo_column,language_id,content)
    VALUES (64,135,'description',1,'Mauritius');

INSERT INTO international_description (table_id,foreign_id,psudo_column,language_id,content)
    VALUES (64,136,'description',1,'Mayotte');

INSERT INTO international_description (table_id,foreign_id,psudo_column,language_id,content)
    VALUES (64,137,'description',1,'Mexico');

INSERT INTO international_description (table_id,foreign_id,psudo_column,language_id,content)
    VALUES (64,138,'description',1,'Micronesia');

INSERT INTO international_description (table_id,foreign_id,psudo_column,language_id,content)
    VALUES (64,139,'description',1,'Moldova');

INSERT INTO international_description (table_id,foreign_id,psudo_column,language_id,content)
    VALUES (64,140,'description',1,'Monaco');

INSERT INTO international_description (table_id,foreign_id,psudo_column,language_id,content)
    VALUES (64,141,'description',1,'Mongolia');

INSERT INTO international_description (table_id,foreign_id,psudo_column,language_id,content)
    VALUES (64,142,'description',1,'Montserrat');

INSERT INTO international_description (table_id,foreign_id,psudo_column,language_id,content)
    VALUES (64,143,'description',1,'Morocco');

INSERT INTO international_description (table_id,foreign_id,psudo_column,language_id,content)
    VALUES (64,144,'description',1,'Mozambique');

INSERT INTO international_description (table_id,foreign_id,psudo_column,language_id,content)
    VALUES (64,145,'description',1,'Myanmar');

INSERT INTO international_description (table_id,foreign_id,psudo_column,language_id,content)
    VALUES (64,146,'description',1,'Namibia');

INSERT INTO international_description (table_id,foreign_id,psudo_column,language_id,content)
    VALUES (64,1,'description',1,'Afghanistan');

INSERT INTO international_description (table_id,foreign_id,psudo_column,language_id,content)
    VALUES (64,2,'description',1,'Albania');

INSERT INTO international_description (table_id,foreign_id,psudo_column,language_id,content)
    VALUES (64,3,'description',1,'Algeria');

INSERT INTO international_description (table_id,foreign_id,psudo_column,language_id,content)
    VALUES (64,4,'description',1,'American Samoa');

INSERT INTO international_description (table_id,foreign_id,psudo_column,language_id,content)
    VALUES (64,5,'description',1,'Andorra');

INSERT INTO international_description (table_id,foreign_id,psudo_column,language_id,content)
    VALUES (64,6,'description',1,'Angola');

INSERT INTO international_description (table_id,foreign_id,psudo_column,language_id,content)
    VALUES (64,7,'description',1,'Anguilla');

INSERT INTO international_description (table_id,foreign_id,psudo_column,language_id,content)
    VALUES (64,8,'description',1,'Antarctica');

INSERT INTO international_description (table_id,foreign_id,psudo_column,language_id,content)
    VALUES (64,9,'description',1,'Antigua and Barbuda');

INSERT INTO international_description (table_id,foreign_id,psudo_column,language_id,content)
    VALUES (64,10,'description',1,'Argentina');

INSERT INTO international_description (table_id,foreign_id,psudo_column,language_id,content)
    VALUES (64,11,'description',1,'Armenia');

INSERT INTO international_description (table_id,foreign_id,psudo_column,language_id,content)
    VALUES (64,12,'description',1,'Aruba');

INSERT INTO international_description (table_id,foreign_id,psudo_column,language_id,content)
    VALUES (64,13,'description',1,'Australia');

INSERT INTO international_description (table_id,foreign_id,psudo_column,language_id,content)
    VALUES (64,14,'description',1,'Austria');

INSERT INTO international_description (table_id,foreign_id,psudo_column,language_id,content)
    VALUES (64,15,'description',1,'Azerbaijan');

INSERT INTO international_description (table_id,foreign_id,psudo_column,language_id,content)
    VALUES (64,16,'description',1,'Bahamas');

INSERT INTO international_description (table_id,foreign_id,psudo_column,language_id,content)
    VALUES (64,17,'description',1,'Bahrain');

INSERT INTO international_description (table_id,foreign_id,psudo_column,language_id,content)
    VALUES (64,18,'description',1,'Bangladesh');

INSERT INTO international_description (table_id,foreign_id,psudo_column,language_id,content)
    VALUES (64,19,'description',1,'Barbados');

INSERT INTO international_description (table_id,foreign_id,psudo_column,language_id,content)
    VALUES (64,20,'description',1,'Belarus');

INSERT INTO international_description (table_id,foreign_id,psudo_column,language_id,content)
    VALUES (64,21,'description',1,'Belgium');

INSERT INTO international_description (table_id,foreign_id,psudo_column,language_id,content)
    VALUES (64,22,'description',1,'Belize');

INSERT INTO international_description (table_id,foreign_id,psudo_column,language_id,content)
    VALUES (64,23,'description',1,'Benin');

INSERT INTO international_description (table_id,foreign_id,psudo_column,language_id,content)
    VALUES (64,24,'description',1,'Bermuda');

INSERT INTO international_description (table_id,foreign_id,psudo_column,language_id,content)
    VALUES (64,25,'description',1,'Bhutan');

INSERT INTO international_description (table_id,foreign_id,psudo_column,language_id,content)
    VALUES (64,26,'description',1,'Bolivia');

INSERT INTO international_description (table_id,foreign_id,psudo_column,language_id,content)
    VALUES (64,27,'description',1,'Bosnia and Herzegovina');

INSERT INTO international_description (table_id,foreign_id,psudo_column,language_id,content)
    VALUES (64,28,'description',1,'Botswana');

INSERT INTO international_description (table_id,foreign_id,psudo_column,language_id,content)
    VALUES (64,29,'description',1,'Bouvet Island');

INSERT INTO international_description (table_id,foreign_id,psudo_column,language_id,content)
    VALUES (64,30,'description',1,'Brazil');

INSERT INTO international_description (table_id,foreign_id,psudo_column,language_id,content)
    VALUES (64,31,'description',1,'British Indian Ocean Territory');

INSERT INTO international_description (table_id,foreign_id,psudo_column,language_id,content)
    VALUES (64,32,'description',1,'Brunei');

INSERT INTO international_description (table_id,foreign_id,psudo_column,language_id,content)
    VALUES (64,33,'description',1,'Bulgaria');

INSERT INTO international_description (table_id,foreign_id,psudo_column,language_id,content)
    VALUES (64,34,'description',1,'Burkina Faso');

INSERT INTO international_description (table_id,foreign_id,psudo_column,language_id,content)
    VALUES (64,35,'description',1,'Burundi');

INSERT INTO international_description (table_id,foreign_id,psudo_column,language_id,content)
    VALUES (64,36,'description',1,'Cambodia');

INSERT INTO international_description (table_id,foreign_id,psudo_column,language_id,content)
    VALUES (64,37,'description',1,'Cameroon');

INSERT INTO international_description (table_id,foreign_id,psudo_column,language_id,content)
    VALUES (64,38,'description',1,'Canada');

INSERT INTO international_description (table_id,foreign_id,psudo_column,language_id,content)
    VALUES (64,39,'description',1,'Cape Verde');

INSERT INTO international_description (table_id,foreign_id,psudo_column,language_id,content)
    VALUES (64,40,'description',1,'Cayman Islands');

INSERT INTO international_description (table_id,foreign_id,psudo_column,language_id,content)
    VALUES (64,41,'description',1,'Central African Republic');

INSERT INTO international_description (table_id,foreign_id,psudo_column,language_id,content)
    VALUES (64,42,'description',1,'Chad');

INSERT INTO international_description (table_id,foreign_id,psudo_column,language_id,content)
    VALUES (64,43,'description',1,'Chile');

INSERT INTO international_description (table_id,foreign_id,psudo_column,language_id,content)
    VALUES (64,44,'description',1,'China');

INSERT INTO international_description (table_id,foreign_id,psudo_column,language_id,content)
    VALUES (64,45,'description',1,'Christmas Island');

INSERT INTO international_description (table_id,foreign_id,psudo_column,language_id,content)
    VALUES (64,46,'description',1,'Cocos - Keeling Islands');

INSERT INTO international_description (table_id,foreign_id,psudo_column,language_id,content)
    VALUES (64,47,'description',1,'Colombia');

INSERT INTO international_description (table_id,foreign_id,psudo_column,language_id,content)
    VALUES (64,48,'description',1,'Comoros');

INSERT INTO international_description (table_id,foreign_id,psudo_column,language_id,content)
    VALUES (64,49,'description',1,'Congo');

INSERT INTO international_description (table_id,foreign_id,psudo_column,language_id,content)
    VALUES (64,50,'description',1,'Cook Islands');

INSERT INTO international_description (table_id,foreign_id,psudo_column,language_id,content)
    VALUES (64,51,'description',1,'Costa Rica');

INSERT INTO international_description (table_id,foreign_id,psudo_column,language_id,content)
    VALUES (64,52,'description',1,'Cote d Ivoire');

INSERT INTO international_description (table_id,foreign_id,psudo_column,language_id,content)
    VALUES (64,53,'description',1,'Croatia');

INSERT INTO international_description (table_id,foreign_id,psudo_column,language_id,content)
    VALUES (64,54,'description',1,'Cuba');

INSERT INTO international_description (table_id,foreign_id,psudo_column,language_id,content)
    VALUES (64,55,'description',1,'Cyprus');

INSERT INTO international_description (table_id,foreign_id,psudo_column,language_id,content)
    VALUES (64,56,'description',1,'Czech Republic');

INSERT INTO international_description (table_id,foreign_id,psudo_column,language_id,content)
    VALUES (4,1,'description',1,'United States Dollar');

INSERT INTO international_description (table_id,foreign_id,psudo_column,language_id,content)
    VALUES (4,2,'description',1,'Canadian Dollar');

INSERT INTO international_description (table_id,foreign_id,psudo_column,language_id,content)
    VALUES (4,3,'description',1,'Euro');

INSERT INTO international_description (table_id,foreign_id,psudo_column,language_id,content)
    VALUES (4,4,'description',1,'Yen');

INSERT INTO international_description (table_id,foreign_id,psudo_column,language_id,content)
    VALUES (4,5,'description',1,'Pound Sterling');

INSERT INTO international_description (table_id,foreign_id,psudo_column,language_id,content)
    VALUES (4,6,'description',1,'Won');

INSERT INTO international_description (table_id,foreign_id,psudo_column,language_id,content)
    VALUES (4,7,'description',1,'Swiss Franc');

INSERT INTO international_description (table_id,foreign_id,psudo_column,language_id,content)
    VALUES (4,8,'description',1,'Swedish Krona');

INSERT INTO international_description (table_id,foreign_id,psudo_column,language_id,content)
    VALUES (6,1,'description',1,'Month');

INSERT INTO international_description (table_id,foreign_id,psudo_column,language_id,content)
    VALUES (6,2,'description',1,'Week');

INSERT INTO international_description (table_id,foreign_id,psudo_column,language_id,content)
    VALUES (6,3,'description',1,'Day');

INSERT INTO international_description (table_id,foreign_id,psudo_column,language_id,content)
    VALUES (6,4,'description',1,'Year');

INSERT INTO international_description (table_id,foreign_id,psudo_column,language_id,content)
    VALUES (7,1,'description',1,'Email');

INSERT INTO international_description (table_id,foreign_id,psudo_column,language_id,content)
    VALUES (7,2,'description',1,'Paper');

INSERT INTO international_description (table_id,foreign_id,psudo_column,language_id,content)
    VALUES (9,1,'description',1,'Active');

INSERT INTO international_description (table_id,foreign_id,psudo_column,language_id,content)
    VALUES (9,2,'description',1,'Overdue');

INSERT INTO international_description (table_id,foreign_id,psudo_column,language_id,content)
    VALUES (9,3,'description',1,'Overdue 2');

INSERT INTO international_description (table_id,foreign_id,psudo_column,language_id,content)
    VALUES (9,4,'description',1,'Overdue 3');

INSERT INTO international_description (table_id,foreign_id,psudo_column,language_id,content)
    VALUES (9,5,'description',1,'Suspended');

INSERT INTO international_description (table_id,foreign_id,psudo_column,language_id,content)
    VALUES (9,6,'description',1,'Suspended 2');

INSERT INTO international_description (table_id,foreign_id,psudo_column,language_id,content)
    VALUES (9,7,'description',1,'Suspended 3');

INSERT INTO international_description (table_id,foreign_id,psudo_column,language_id,content)
    VALUES (9,8,'description',1,'Deleted');

INSERT INTO international_description (table_id,foreign_id,psudo_column,language_id,content)
    VALUES (81,1,'description',1,'Active');

INSERT INTO international_description (table_id,foreign_id,psudo_column,language_id,content)
    VALUES (81,2,'description',1,'Pending Unsubscription');

INSERT INTO international_description (table_id,foreign_id,psudo_column,language_id,content)
    VALUES (81,3,'description',1,'Unsubscribed');
INSERT INTO international_description (table_id,foreign_id,psudo_column,language_id,content)
    VALUES (81,7,'description',1,'Discontinued');

INSERT INTO international_description (table_id,foreign_id,psudo_column,language_id,content)
    VALUES (60,1,'description',1,'An internal user with all the permissions');

INSERT INTO international_description (table_id,foreign_id,psudo_column,language_id,content)
    VALUES (60,1,'title',1,'Internal');

INSERT INTO international_description (table_id,foreign_id,psudo_column,language_id,content)
    VALUES (60,2,'description',1,'The super user of an entity');

INSERT INTO international_description (table_id,foreign_id,psudo_column,language_id,content)
    VALUES (60,2,'title',1,'Super user');

INSERT INTO international_description (table_id,foreign_id,psudo_column,language_id,content)
    VALUES (60,3,'description',1,'A billing clerk');

INSERT INTO international_description (table_id,foreign_id,psudo_column,language_id,content)
    VALUES (60,3,'title',1,'Clerk');

INSERT INTO international_description (table_id,foreign_id,psudo_column,language_id,content)
    VALUES (60,4,'description',1,'A partner that will bring customers');

INSERT INTO international_description (table_id,foreign_id,psudo_column,language_id,content)
    VALUES (60,4,'title',1,'Partner');

INSERT INTO international_description (table_id,foreign_id,psudo_column,language_id,content)
    VALUES (60,5,'description',1,'A customer that will query his/her account');

INSERT INTO international_description (table_id,foreign_id,psudo_column,language_id,content)
    VALUES (60,5,'title',1,'Customer');

INSERT INTO international_description (table_id,foreign_id,psudo_column,language_id,content)
    VALUES (17,1,'description',1,'One time');

INSERT INTO international_description (table_id,foreign_id,psudo_column,language_id,content)
    VALUES (18,1,'description',1,'Items');

INSERT INTO international_description (table_id,foreign_id,psudo_column,language_id,content)
    VALUES (18,2,'description',1,'Tax');

INSERT INTO international_description (table_id,foreign_id,psudo_column,language_id,content)
    VALUES (19,1,'description',1,'pre paid');

INSERT INTO international_description (table_id,foreign_id,psudo_column,language_id,content)
    VALUES (19,2,'description',1,'post paid');

INSERT INTO international_description (table_id,foreign_id,psudo_column,language_id,content)
    VALUES (20,1,'description',1,'Active');

INSERT INTO international_description (table_id,foreign_id,psudo_column,language_id,content)
    VALUES (20,2,'description',1,'Finished');

INSERT INTO international_description (table_id,foreign_id,psudo_column,language_id,content)
    VALUES (20,3,'description',1,'Suspended');

INSERT INTO international_description (table_id,foreign_id,psudo_column,language_id,content)
    VALUES (35,1,'description',1,'Cheque');

INSERT INTO international_description (table_id,foreign_id,psudo_column,language_id,content)
    VALUES (35,2,'description',1,'Visa');

INSERT INTO international_description (table_id,foreign_id,psudo_column,language_id,content)
    VALUES (35,3,'description',1,'MasterCard');

INSERT INTO international_description (table_id,foreign_id,psudo_column,language_id,content)
    VALUES (41,1,'description',1,'Successful');

INSERT INTO international_description (table_id,foreign_id,psudo_column,language_id,content)
    VALUES (41,2,'description',1,'Failed');

INSERT INTO international_description (table_id,foreign_id,psudo_column,language_id,content)
    VALUES (41,3,'description',1,'Processor unavailable');

INSERT INTO international_description (table_id,foreign_id,psudo_column,language_id,content)
    VALUES (41,4,'description',1,'Entered');

INSERT INTO international_description (table_id,foreign_id,psudo_column,language_id,content)
    VALUES (46,1,'description',1,'Billing Process');

INSERT INTO international_description (table_id,foreign_id,psudo_column,language_id,content)
    VALUES (46,2,'description',1,'User maintenance');

INSERT INTO international_description (table_id,foreign_id,psudo_column,language_id,content)
    VALUES (46,3,'description',1,'Item maintenance');

INSERT INTO international_description (table_id,foreign_id,psudo_column,language_id,content)
    VALUES (46,4,'description',1,'Item type maintenance');

INSERT INTO international_description (table_id,foreign_id,psudo_column,language_id,content)
    VALUES (46,5,'description',1,'Item user price maintenance');

INSERT INTO international_description (table_id,foreign_id,psudo_column,language_id,content)
    VALUES (46,6,'description',1,'Promotion maintenance');

INSERT INTO international_description (table_id,foreign_id,psudo_column,language_id,content)
    VALUES (46,7,'description',1,'Order maintenance');

INSERT INTO international_description (table_id,foreign_id,psudo_column,language_id,content)
    VALUES (46,8,'description',1,'Credit card maintenance');

INSERT INTO international_description (table_id,foreign_id,psudo_column,language_id,content)
    VALUES (47,1,'description',1,'A prepaid order has unbilled time before the billing process date');

INSERT INTO international_description (table_id,foreign_id,psudo_column,language_id,content)
    VALUES (47,2,'description',1,'Order has no active time at the date of process.');

INSERT INTO international_description (table_id,foreign_id,psudo_column,language_id,content)
    VALUES (47,3,'description',1,'At least one complete period has to be billable.');

INSERT INTO international_description (table_id,foreign_id,psudo_column,language_id,content)
    VALUES (47,4,'description',1,'Already billed for the current date.');

INSERT INTO international_description (table_id,foreign_id,psudo_column,language_id,content)
    VALUES (47,5,'description',1,'This order had to be maked for exclusion in the last process.');

INSERT INTO international_description (table_id,foreign_id,psudo_column,language_id,content)
    VALUES (47,6,'description',1,'Pre-paid order is being process after its expiration.');

INSERT INTO international_description (table_id,foreign_id,psudo_column,language_id,content)
    VALUES (47,7,'description',1,'A row was marked as deleted.');

INSERT INTO international_description (table_id,foreign_id,psudo_column,language_id,content)
    VALUES (47,8,'description',1,'A user password was changed.');

INSERT INTO international_description (table_id,foreign_id,psudo_column,language_id,content)
    VALUES (47,9,'description',1,'A row was updated.');

INSERT INTO international_description (table_id,foreign_id,psudo_column,language_id,content)
    VALUES (47,10,'description',1,'Running a billing process, but a review is found unapproved.');

INSERT INTO international_description (table_id,foreign_id,psudo_column,language_id,content)
    VALUES (47,11,'description',1,'Running a billing process, review is required but not present.');

INSERT INTO international_description (table_id,foreign_id,psudo_column,language_id,content)
    VALUES (47,12,'description',1,'A user status was changed.');

INSERT INTO international_description (table_id,foreign_id,psudo_column,language_id,content)
    VALUES (47,13,'description',1,'An order status was changed.');

INSERT INTO international_description (table_id,foreign_id,psudo_column,language_id,content)
    VALUES (47,14,'description',1,'A user had to be aged, but there''s no more steps configured.');

INSERT INTO international_description (table_id,foreign_id,psudo_column,language_id,content)
    VALUES (47,15,'description',1,'A partner has a payout ready, but no payment instrument.');

INSERT INTO international_description (table_id,foreign_id,psudo_column,language_id,content)
    VALUES (50,1,'description',1,'Process payment with billing process');

INSERT INTO international_description (table_id,foreign_id,psudo_column,language_id,content)
    VALUES (50,2,'description',1,'URL of CSS file');

INSERT INTO international_description (table_id,foreign_id,psudo_column,language_id,content)
    VALUES (50,3,'description',1,'URL of logo graphic');

INSERT INTO international_description (table_id,foreign_id,psudo_column,language_id,content)
    VALUES (50,4,'description',1,'Grace period');

INSERT INTO international_description (table_id,foreign_id,psudo_column,language_id,content)
    VALUES (50,5,'description',1,'Partner percentage rate');

INSERT INTO international_description (table_id,foreign_id,psudo_column,language_id,content)
    VALUES (50,6,'description',1,'Partner referral fee');

INSERT INTO international_description (table_id,foreign_id,psudo_column,language_id,content)
    VALUES (50,7,'description',1,'Partner one time payout');

INSERT INTO international_description (table_id,foreign_id,psudo_column,language_id,content)
    VALUES (50,8,'description',1,'Partner period unit payout');

INSERT INTO international_description (table_id,foreign_id,psudo_column,language_id,content)
    VALUES (50,9,'description',1,'Partner period value payout');

INSERT INTO international_description (table_id,foreign_id,psudo_column,language_id,content)
    VALUES (50,10,'description',1,'Partner automatic payout');

INSERT INTO international_description (table_id,foreign_id,psudo_column,language_id,content)
    VALUES (50,11,'description',1,'User in charge of partners ');

INSERT INTO international_description (table_id,foreign_id,psudo_column,language_id,content)
    VALUES (50,12,'description',1,'Partner fee currency');

INSERT INTO international_description (table_id,foreign_id,psudo_column,language_id,content)
    VALUES (50,13,'description',1,'Self delivery of paper invoices');

INSERT INTO international_description (table_id,foreign_id,psudo_column,language_id,content)
    VALUES (52,1,'description',1,'Invoice (email)');

INSERT INTO international_description (table_id,foreign_id,psudo_column,language_id,content)
    VALUES (52,2,'description',1,'User Reactivated');

INSERT INTO international_description (table_id,foreign_id,psudo_column,language_id,content)
    VALUES (52,3,'description',1,'User Overdue');

INSERT INTO international_description (table_id,foreign_id,psudo_column,language_id,content)
    VALUES (52,4,'description',1,'User Overdue 2');

INSERT INTO international_description (table_id,foreign_id,psudo_column,language_id,content)
    VALUES (52,5,'description',1,'User Overdue 3');

INSERT INTO international_description (table_id,foreign_id,psudo_column,language_id,content)
    VALUES (52,6,'description',1,'User Suspended');

INSERT INTO international_description (table_id,foreign_id,psudo_column,language_id,content)
    VALUES (52,7,'description',1,'User Suspended 2');

INSERT INTO international_description (table_id,foreign_id,psudo_column,language_id,content)
    VALUES (52,8,'description',1,'User Suspended 3');

INSERT INTO international_description (table_id,foreign_id,psudo_column,language_id,content)
    VALUES (52,9,'description',1,'User Deleted');

INSERT INTO international_description (table_id,foreign_id,psudo_column,language_id,content)
    VALUES (52,10,'description',1,'Payout Remainder');

INSERT INTO international_description (table_id,foreign_id,psudo_column,language_id,content)
    VALUES (52,11,'description',1,'Partner Payout');

INSERT INTO international_description (table_id,foreign_id,psudo_column,language_id,content)
    VALUES (52,12,'description',1,'Invoice (paper)');

INSERT INTO international_description (table_id,foreign_id,psudo_column,language_id,content)
    VALUES (50,24,'description',1,'Data Fattura Fine Mese');

INSERT INTO international_description (table_id,foreign_id,psudo_column,language_id,content)
    VALUES (4,9,'description',1,'Singapore Dollar');

INSERT INTO international_description (table_id,foreign_id,psudo_column,language_id,content)
    VALUES (4,10,'description',1,'Malaysian Ringgit');

INSERT INTO international_description (table_id,foreign_id,psudo_column,language_id,content)
    VALUES (4,11,'description',1,'Australian Dollar');

INSERT INTO international_description (table_id,foreign_id,psudo_column,language_id,content)
    VALUES (50,19,'description',1,'Next invoice number');

INSERT INTO international_description (table_id,foreign_id,psudo_column,language_id,content)
    VALUES (7,3,'description',1,'Email + Paper');

INSERT INTO international_description (table_id,foreign_id,psudo_column,language_id,content)
    VALUES (35,8,'description',1,'PayPal');

INSERT INTO international_description (table_id,foreign_id,psudo_column,language_id,content)
    VALUES (52,19,'description',1,'Update Credit Card');

INSERT INTO international_description (table_id,foreign_id,psudo_column,language_id,content)
    VALUES (20,4,'description',1,'Suspended (auto)');

INSERT INTO international_description (table_id,foreign_id,psudo_column,language_id,content)
    VALUES (18,3,'description',1,'Penalty');

INSERT INTO international_description (table_id,foreign_id,psudo_column,language_id,content)
    VALUES (52,20,'description',1,'Lost password');

INSERT INTO international_description (table_id,foreign_id,psudo_column,language_id,content)
    VALUES (88,1,'description',1,'Active');

INSERT INTO international_description (table_id,foreign_id,psudo_column,language_id,content)
    VALUES (88,2,'description',1,'Inactive');

INSERT INTO international_description (table_id,foreign_id,psudo_column,language_id,content)
    VALUES (88,3,'description',1,'Pending Active');

INSERT INTO international_description (table_id,foreign_id,psudo_column,language_id,content)
    VALUES (88,4,'description',1,'Pending Inactive');

INSERT INTO international_description (table_id,foreign_id,psudo_column,language_id,content)
    VALUES (88,5,'description',1,'Failed');

INSERT INTO international_description (table_id,foreign_id,psudo_column,language_id,content)
    VALUES (88,6,'description',1,'Unavailable');

INSERT INTO international_description (table_id,foreign_id,psudo_column,language_id,content)
    VALUES (50,20,'description',2,'Eliminao manual de facturas');

INSERT INTO international_description (table_id,foreign_id,psudo_column,language_id,content)
    VALUES (46,9,'description',2,'Manuteno de facturas');

INSERT INTO international_description (table_id,foreign_id,psudo_column,language_id,content)
    VALUES (46,11,'description',2,'Manuteno de tarefas de plug-ins');

INSERT INTO international_description (table_id,foreign_id,psudo_column,language_id,content)
    VALUES (47,16,'description',2,'Uma ordem de compra foi aplicada manualmente a uma factura.');

INSERT INTO international_description (table_id,foreign_id,psudo_column,language_id,content)
    VALUES (52,17,'description',2,'Payment (sem sucesso)');

INSERT INTO international_description (table_id,foreign_id,psudo_column,language_id,content)
    VALUES (52,16,'description',2,'Payment (com sucesso)');

INSERT INTO international_description (table_id,foreign_id,psudo_column,language_id,content)
    VALUES (35,6,'description',2,'Discovery');

INSERT INTO international_description (table_id,foreign_id,psudo_column,language_id,content)
    VALUES (35,7,'description',2,'Diners');

INSERT INTO international_description (table_id,foreign_id,psudo_column,language_id,content)
    VALUES (50,16,'description',2,'Dias antes da expirao para notificao de ordens 2');

INSERT INTO international_description (table_id,foreign_id,psudo_column,language_id,content)
    VALUES (50,17,'description',2,'Dias antes da expirao para notificao de ordens 3');

INSERT INTO international_description (table_id,foreign_id,psudo_column,language_id,content)
    VALUES (52,13,'description',2,'Ordem de compra a expirar. Passo 1');

INSERT INTO international_description (table_id,foreign_id,psudo_column,language_id,content)
    VALUES (52,14,'description',2,'Ordem de compra a expirar. Passo 2');

INSERT INTO international_description (table_id,foreign_id,psudo_column,language_id,content)
    VALUES (52,15,'description',2,'Ordem de compra a expirar. Passo 3');

INSERT INTO international_description (table_id,foreign_id,psudo_column,language_id,content)
    VALUES (35,4,'description',2,'AMEX');

INSERT INTO international_description (table_id,foreign_id,psudo_column,language_id,content)
    VALUES (35,5,'description',2,'CCA');

INSERT INTO international_description (table_id,foreign_id,psudo_column,language_id,content)
    VALUES (50,14,'description',2,'Incluir notas do cliente na factura');

INSERT INTO international_description (table_id,foreign_id,psudo_column,language_id,content)
    VALUES (50,18,'description',2,'Nmero de prefixo da factura');

INSERT INTO international_description (table_id,foreign_id,psudo_column,language_id,content)
    VALUES (64,234,'description',2,'Wallis and Futuna');

INSERT INTO international_description (table_id,foreign_id,psudo_column,language_id,content)
    VALUES (64,235,'description',2,'Yemen');

INSERT INTO international_description (table_id,foreign_id,psudo_column,language_id,content)
    VALUES (64,236,'description',2,'Zmbia');

INSERT INTO international_description (table_id,foreign_id,psudo_column,language_id,content)
    VALUES (64,237,'description',2,'Zimbabwe');

INSERT INTO international_description (table_id,foreign_id,psudo_column,language_id,content)
    VALUES (50,15,'description',2,'Dias antes da expirao para notificao de ordens');

INSERT INTO international_description (table_id,foreign_id,psudo_column,language_id,content)
    VALUES (50,21,'description',2,'Usar os lembretes de factura');

INSERT INTO international_description (table_id,foreign_id,psudo_column,language_id,content)
    VALUES (50,22,'description',2,'Nmero de dias aps a gerao da factura para o primeiro lembrete');

INSERT INTO international_description (table_id,foreign_id,psudo_column,language_id,content)
    VALUES (50,23,'description',2,'Nmero de dias para o prximo lembrete');

INSERT INTO international_description (table_id,foreign_id,psudo_column,language_id,content)
    VALUES (64,227,'description',2,'Uzbekisto');

INSERT INTO international_description (table_id,foreign_id,psudo_column,language_id,content)
    VALUES (64,147,'description',2,'Nauru');

INSERT INTO international_description (table_id,foreign_id,psudo_column,language_id,content)
    VALUES (64,148,'description',2,'Nepal');

INSERT INTO international_description (table_id,foreign_id,psudo_column,language_id,content)
    VALUES (64,149,'description',2,'Holanda');

INSERT INTO international_description (table_id,foreign_id,psudo_column,language_id,content)
    VALUES (64,150,'description',2,'Antilhas Holandesas');

INSERT INTO international_description (table_id,foreign_id,psudo_column,language_id,content)
    VALUES (64,151,'description',2,'Nova Calednia');

INSERT INTO international_description (table_id,foreign_id,psudo_column,language_id,content)
    VALUES (64,152,'description',2,'Nova Zelndia');

INSERT INTO international_description (table_id,foreign_id,psudo_column,language_id,content)
    VALUES (64,153,'description',2,'Nicargua');

INSERT INTO international_description (table_id,foreign_id,psudo_column,language_id,content)
    VALUES (64,154,'description',2,'Niger');

INSERT INTO international_description (table_id,foreign_id,psudo_column,language_id,content)
    VALUES (64,155,'description',2,'Nigria');

INSERT INTO international_description (table_id,foreign_id,psudo_column,language_id,content)
    VALUES (64,156,'description',2,'Niue');

INSERT INTO international_description (table_id,foreign_id,psudo_column,language_id,content)
    VALUES (64,157,'description',2,'Ilhas Norfolk');

INSERT INTO international_description (table_id,foreign_id,psudo_column,language_id,content)
    VALUES (64,158,'description',2,'Coreia do Norte');

INSERT INTO international_description (table_id,foreign_id,psudo_column,language_id,content)
    VALUES (64,159,'description',2,'Ilhas Mariana do Norte');

INSERT INTO international_description (table_id,foreign_id,psudo_column,language_id,content)
    VALUES (64,160,'description',2,'Noruega');

INSERT INTO international_description (table_id,foreign_id,psudo_column,language_id,content)
    VALUES (64,161,'description',2,'Oman');

INSERT INTO international_description (table_id,foreign_id,psudo_column,language_id,content)
    VALUES (64,162,'description',2,'Pakisto');

INSERT INTO international_description (table_id,foreign_id,psudo_column,language_id,content)
    VALUES (64,163,'description',2,'Palau');

INSERT INTO international_description (table_id,foreign_id,psudo_column,language_id,content)
    VALUES (64,164,'description',2,'Panama');

INSERT INTO international_description (table_id,foreign_id,psudo_column,language_id,content)
    VALUES (64,165,'description',2,'Papua Nova Guin');

INSERT INTO international_description (table_id,foreign_id,psudo_column,language_id,content)
    VALUES (64,166,'description',2,'Paraguai');

INSERT INTO international_description (table_id,foreign_id,psudo_column,language_id,content)
    VALUES (64,167,'description',2,'Per');

INSERT INTO international_description (table_id,foreign_id,psudo_column,language_id,content)
    VALUES (64,168,'description',2,'Filipinas');

INSERT INTO international_description (table_id,foreign_id,psudo_column,language_id,content)
    VALUES (64,169,'description',2,'Ilhas Pitcairn');

INSERT INTO international_description (table_id,foreign_id,psudo_column,language_id,content)
    VALUES (64,170,'description',2,'Polnia');

INSERT INTO international_description (table_id,foreign_id,psudo_column,language_id,content)
    VALUES (64,171,'description',2,'Portugal');

INSERT INTO international_description (table_id,foreign_id,psudo_column,language_id,content)
    VALUES (64,172,'description',2,'Porto Rico');

INSERT INTO international_description (table_id,foreign_id,psudo_column,language_id,content)
    VALUES (64,173,'description',2,'Qatar');

INSERT INTO international_description (table_id,foreign_id,psudo_column,language_id,content)
    VALUES (64,174,'description',2,'Reunio');

INSERT INTO international_description (table_id,foreign_id,psudo_column,language_id,content)
    VALUES (64,175,'description',2,'Romnia');

INSERT INTO international_description (table_id,foreign_id,psudo_column,language_id,content)
    VALUES (64,176,'description',2,'Rssia');

INSERT INTO international_description (table_id,foreign_id,psudo_column,language_id,content)
    VALUES (64,177,'description',2,'Rwanda');

INSERT INTO international_description (table_id,foreign_id,psudo_column,language_id,content)
    VALUES (64,178,'description',2,'Samoa');

INSERT INTO international_description (table_id,foreign_id,psudo_column,language_id,content)
    VALUES (64,179,'description',2,'So Marino');

INSERT INTO international_description (table_id,foreign_id,psudo_column,language_id,content)
    VALUES (64,180,'description',2,'So Tom e Princepe');

INSERT INTO international_description (table_id,foreign_id,psudo_column,language_id,content)
    VALUES (64,181,'description',2,'Arbia Saudita');

INSERT INTO international_description (table_id,foreign_id,psudo_column,language_id,content)
    VALUES (64,182,'description',2,'Senegal');

INSERT INTO international_description (table_id,foreign_id,psudo_column,language_id,content)
    VALUES (64,183,'description',2,'Srvia e Montenegro');

INSERT INTO international_description (table_id,foreign_id,psudo_column,language_id,content)
    VALUES (64,184,'description',2,'Seychelles');

INSERT INTO international_description (table_id,foreign_id,psudo_column,language_id,content)
    VALUES (64,185,'description',2,'Serra Leoa');

INSERT INTO international_description (table_id,foreign_id,psudo_column,language_id,content)
    VALUES (64,186,'description',2,'Singapure');

INSERT INTO international_description (table_id,foreign_id,psudo_column,language_id,content)
    VALUES (64,187,'description',2,'Eslovquia');

INSERT INTO international_description (table_id,foreign_id,psudo_column,language_id,content)
    VALUES (64,188,'description',2,'Eslovnia');

INSERT INTO international_description (table_id,foreign_id,psudo_column,language_id,content)
    VALUES (64,189,'description',2,'Ilhas Salomo');

INSERT INTO international_description (table_id,foreign_id,psudo_column,language_id,content)
    VALUES (64,190,'description',2,'Somlia');

INSERT INTO international_description (table_id,foreign_id,psudo_column,language_id,content)
    VALUES (64,191,'description',2,'frica do Sul');

INSERT INTO international_description (table_id,foreign_id,psudo_column,language_id,content)
    VALUES (64,192,'description',2,'Georgia do Sul e Ilhas Sandwich South');

INSERT INTO international_description (table_id,foreign_id,psudo_column,language_id,content)
    VALUES (64,193,'description',2,'Espanha');

INSERT INTO international_description (table_id,foreign_id,psudo_column,language_id,content)
    VALUES (64,194,'description',2,'Sri Lanka');

INSERT INTO international_description (table_id,foreign_id,psudo_column,language_id,content)
    VALUES (64,195,'description',2,'Sta. Helena');

INSERT INTO international_description (table_id,foreign_id,psudo_column,language_id,content)
    VALUES (64,196,'description',2,'Sta. Kitts e Nevis');

INSERT INTO international_description (table_id,foreign_id,psudo_column,language_id,content)
    VALUES (64,197,'description',2,'Sta. Lucia');

INSERT INTO international_description (table_id,foreign_id,psudo_column,language_id,content)
    VALUES (64,198,'description',2,'Sta. Pierre e Miquelon');

INSERT INTO international_description (table_id,foreign_id,psudo_column,language_id,content)
    VALUES (64,199,'description',2,'Sto. Vicente e Grenadines');

INSERT INTO international_description (table_id,foreign_id,psudo_column,language_id,content)
    VALUES (64,200,'description',2,'Sudo');

INSERT INTO international_description (table_id,foreign_id,psudo_column,language_id,content)
    VALUES (64,201,'description',2,'Suriname');

INSERT INTO international_description (table_id,foreign_id,psudo_column,language_id,content)
    VALUES (64,202,'description',2,'Svalbard e Jan Mayen');

INSERT INTO international_description (table_id,foreign_id,psudo_column,language_id,content)
    VALUES (64,203,'description',2,'Swazilndia');

INSERT INTO international_description (table_id,foreign_id,psudo_column,language_id,content)
    VALUES (64,204,'description',2,'Sucia');

INSERT INTO international_description (table_id,foreign_id,psudo_column,language_id,content)
    VALUES (64,205,'description',2,'Sua');

INSERT INTO international_description (table_id,foreign_id,psudo_column,language_id,content)
    VALUES (64,206,'description',2,'Sria');

INSERT INTO international_description (table_id,foreign_id,psudo_column,language_id,content)
    VALUES (64,207,'description',2,'Taiwan');

INSERT INTO international_description (table_id,foreign_id,psudo_column,language_id,content)
    VALUES (64,208,'description',2,'Tajikisto');

INSERT INTO international_description (table_id,foreign_id,psudo_column,language_id,content)
    VALUES (64,209,'description',2,'Tanznia');

INSERT INTO international_description (table_id,foreign_id,psudo_column,language_id,content)
    VALUES (64,210,'description',2,'Thailndia');

INSERT INTO international_description (table_id,foreign_id,psudo_column,language_id,content)
    VALUES (64,211,'description',2,'Togo');

INSERT INTO international_description (table_id,foreign_id,psudo_column,language_id,content)
    VALUES (64,212,'description',2,'Tokelau');

INSERT INTO international_description (table_id,foreign_id,psudo_column,language_id,content)
    VALUES (64,213,'description',2,'Tonga');

INSERT INTO international_description (table_id,foreign_id,psudo_column,language_id,content)
    VALUES (64,214,'description',2,'Trinidade e Tobago');

INSERT INTO international_description (table_id,foreign_id,psudo_column,language_id,content)
    VALUES (64,215,'description',2,'Tunsia');

INSERT INTO international_description (table_id,foreign_id,psudo_column,language_id,content)
    VALUES (64,216,'description',2,'Turquia');

INSERT INTO international_description (table_id,foreign_id,psudo_column,language_id,content)
    VALUES (64,217,'description',2,'Turkmenisto');

INSERT INTO international_description (table_id,foreign_id,psudo_column,language_id,content)
    VALUES (64,218,'description',2,'Ilhas Turks e Caicos');

INSERT INTO international_description (table_id,foreign_id,psudo_column,language_id,content)
    VALUES (64,219,'description',2,'Tuvalu');

INSERT INTO international_description (table_id,foreign_id,psudo_column,language_id,content)
    VALUES (64,220,'description',2,'Uganda');

INSERT INTO international_description (table_id,foreign_id,psudo_column,language_id,content)
    VALUES (64,221,'description',2,'Ucrnia');

INSERT INTO international_description (table_id,foreign_id,psudo_column,language_id,content)
    VALUES (64,222,'description',2,'Emiados rabes Unidos');

INSERT INTO international_description (table_id,foreign_id,psudo_column,language_id,content)
    VALUES (64,223,'description',2,'Reino Unido');

INSERT INTO international_description (table_id,foreign_id,psudo_column,language_id,content)
    VALUES (64,224,'description',2,'Estados Unidos');

INSERT INTO international_description (table_id,foreign_id,psudo_column,language_id,content)
    VALUES (64,225,'description',2,'Estados Unidos e Ilhas Menores Circundantes');

INSERT INTO international_description (table_id,foreign_id,psudo_column,language_id,content)
    VALUES (64,226,'description',2,'Uruguai');

INSERT INTO international_description (table_id,foreign_id,psudo_column,language_id,content)
    VALUES (64,228,'description',2,'Vanuatu');

INSERT INTO international_description (table_id,foreign_id,psudo_column,language_id,content)
    VALUES (64,229,'description',2,'Cidade do Vaticano');

INSERT INTO international_description (table_id,foreign_id,psudo_column,language_id,content)
    VALUES (64,230,'description',2,'Venezuela');

INSERT INTO international_description (table_id,foreign_id,psudo_column,language_id,content)
    VALUES (64,231,'description',2,'Vietname');

INSERT INTO international_description (table_id,foreign_id,psudo_column,language_id,content)
    VALUES (64,232,'description',2,'Ilhas Virgens Britnicas');

INSERT INTO international_description (table_id,foreign_id,psudo_column,language_id,content)
    VALUES (64,233,'description',2,'Ilhas Virgens');

INSERT INTO international_description (table_id,foreign_id,psudo_column,language_id,content)
    VALUES (64,57,'description',2,'Repblica Democrtica do Congo');

INSERT INTO international_description (table_id,foreign_id,psudo_column,language_id,content)
    VALUES (64,58,'description',2,'Dinamarca');

INSERT INTO international_description (table_id,foreign_id,psudo_column,language_id,content)
    VALUES (64,59,'description',2,'Djibouti');

INSERT INTO international_description (table_id,foreign_id,psudo_column,language_id,content)
    VALUES (64,60,'description',2,'Dominica');

INSERT INTO international_description (table_id,foreign_id,psudo_column,language_id,content)
    VALUES (64,61,'description',2,'Repblica Dominicana');

INSERT INTO international_description (table_id,foreign_id,psudo_column,language_id,content)
    VALUES (64,62,'description',2,'Timor Leste');

INSERT INTO international_description (table_id,foreign_id,psudo_column,language_id,content)
    VALUES (64,63,'description',2,'Ecuador');

INSERT INTO international_description (table_id,foreign_id,psudo_column,language_id,content)
    VALUES (64,64,'description',2,'Egipto');

INSERT INTO international_description (table_id,foreign_id,psudo_column,language_id,content)
    VALUES (64,65,'description',2,'El Salvador');

INSERT INTO international_description (table_id,foreign_id,psudo_column,language_id,content)
    VALUES (64,66,'description',2,'Guin Equatorial');

INSERT INTO international_description (table_id,foreign_id,psudo_column,language_id,content)
    VALUES (64,67,'description',2,'Eritreia');

INSERT INTO international_description (table_id,foreign_id,psudo_column,language_id,content)
    VALUES (64,68,'description',2,'Estnia');

INSERT INTO international_description (table_id,foreign_id,psudo_column,language_id,content)
    VALUES (64,69,'description',2,'Etiopia');

INSERT INTO international_description (table_id,foreign_id,psudo_column,language_id,content)
    VALUES (64,70,'description',2,'Ilhas Malvinas');

INSERT INTO international_description (table_id,foreign_id,psudo_column,language_id,content)
    VALUES (64,71,'description',2,'Ilhas Faro');

INSERT INTO international_description (table_id,foreign_id,psudo_column,language_id,content)
    VALUES (64,72,'description',2,'Ilhas Fiji');

INSERT INTO international_description (table_id,foreign_id,psudo_column,language_id,content)
    VALUES (64,73,'description',2,'Finlndia');

INSERT INTO international_description (table_id,foreign_id,psudo_column,language_id,content)
    VALUES (64,74,'description',2,'Frana');

INSERT INTO international_description (table_id,foreign_id,psudo_column,language_id,content)
    VALUES (64,75,'description',2,'Guiana Francesa');

INSERT INTO international_description (table_id,foreign_id,psudo_column,language_id,content)
    VALUES (64,76,'description',2,'Polinsia Francesa');

INSERT INTO international_description (table_id,foreign_id,psudo_column,language_id,content)
    VALUES (64,77,'description',2,'Terras Antrticas e do Sul Francesas');

INSERT INTO international_description (table_id,foreign_id,psudo_column,language_id,content)
    VALUES (64,78,'description',2,'Gabo');

INSERT INTO international_description (table_id,foreign_id,psudo_column,language_id,content)
    VALUES (64,79,'description',2,'Gmbia');

INSERT INTO international_description (table_id,foreign_id,psudo_column,language_id,content)
    VALUES (64,80,'description',2,'Georgia');

INSERT INTO international_description (table_id,foreign_id,psudo_column,language_id,content)
    VALUES (64,81,'description',2,'Alemanha');

INSERT INTO international_description (table_id,foreign_id,psudo_column,language_id,content)
    VALUES (64,82,'description',2,'Gana');

INSERT INTO international_description (table_id,foreign_id,psudo_column,language_id,content)
    VALUES (64,83,'description',2,'Gibraltar');

INSERT INTO international_description (table_id,foreign_id,psudo_column,language_id,content)
    VALUES (64,84,'description',2,'Grcia');

INSERT INTO international_description (table_id,foreign_id,psudo_column,language_id,content)
    VALUES (64,85,'description',2,'Gronelndia');

INSERT INTO international_description (table_id,foreign_id,psudo_column,language_id,content)
    VALUES (64,86,'description',2,'Granada');

INSERT INTO international_description (table_id,foreign_id,psudo_column,language_id,content)
    VALUES (64,87,'description',2,'Guadalupe');

INSERT INTO international_description (table_id,foreign_id,psudo_column,language_id,content)
    VALUES (64,88,'description',2,'Guantanamo');

INSERT INTO international_description (table_id,foreign_id,psudo_column,language_id,content)
    VALUES (64,89,'description',2,'Guatemala');

INSERT INTO international_description (table_id,foreign_id,psudo_column,language_id,content)
    VALUES (64,90,'description',2,'Guin');

INSERT INTO international_description (table_id,foreign_id,psudo_column,language_id,content)
    VALUES (64,91,'description',2,'Guin-Bissau');

INSERT INTO international_description (table_id,foreign_id,psudo_column,language_id,content)
    VALUES (64,92,'description',2,'Guiana');

INSERT INTO international_description (table_id,foreign_id,psudo_column,language_id,content)
    VALUES (64,93,'description',2,'Haiti');

INSERT INTO international_description (table_id,foreign_id,psudo_column,language_id,content)
    VALUES (64,94,'description',2,'Ilhas Heard e McDonald');

INSERT INTO international_description (table_id,foreign_id,psudo_column,language_id,content)
    VALUES (64,95,'description',2,'Honduras');

INSERT INTO international_description (table_id,foreign_id,psudo_column,language_id,content)
    VALUES (64,96,'description',2,'Hong Kong SAR');

INSERT INTO international_description (table_id,foreign_id,psudo_column,language_id,content)
    VALUES (64,97,'description',2,'Hungria');

INSERT INTO international_description (table_id,foreign_id,psudo_column,language_id,content)
    VALUES (64,98,'description',2,'Islndia');

INSERT INTO international_description (table_id,foreign_id,psudo_column,language_id,content)
    VALUES (64,99,'description',2,'ndia');

INSERT INTO international_description (table_id,foreign_id,psudo_column,language_id,content)
    VALUES (64,100,'description',2,'Indonsia');

INSERT INTO international_description (table_id,foreign_id,psudo_column,language_id,content)
    VALUES (64,101,'description',2,'Iro');

INSERT INTO international_description (table_id,foreign_id,psudo_column,language_id,content)
    VALUES (64,102,'description',2,'Iraque');

INSERT INTO international_description (table_id,foreign_id,psudo_column,language_id,content)
    VALUES (64,103,'description',2,'Irlanda');

INSERT INTO international_description (table_id,foreign_id,psudo_column,language_id,content)
    VALUES (64,104,'description',2,'Israel');

INSERT INTO international_description (table_id,foreign_id,psudo_column,language_id,content)
    VALUES (64,105,'description',2,'Itlia');

INSERT INTO international_description (table_id,foreign_id,psudo_column,language_id,content)
    VALUES (64,106,'description',2,'Jamaica');

INSERT INTO international_description (table_id,foreign_id,psudo_column,language_id,content)
    VALUES (64,107,'description',2,'Japo');

INSERT INTO international_description (table_id,foreign_id,psudo_column,language_id,content)
    VALUES (64,108,'description',2,'Jordnia');

INSERT INTO international_description (table_id,foreign_id,psudo_column,language_id,content)
    VALUES (64,109,'description',2,'Kazaquisto');

INSERT INTO international_description (table_id,foreign_id,psudo_column,language_id,content)
    VALUES (64,110,'description',2,'Knia');

INSERT INTO international_description (table_id,foreign_id,psudo_column,language_id,content)
    VALUES (64,111,'description',2,'Kiribati');

INSERT INTO international_description (table_id,foreign_id,psudo_column,language_id,content)
    VALUES (64,112,'description',2,'Coreia');

INSERT INTO international_description (table_id,foreign_id,psudo_column,language_id,content)
    VALUES (64,113,'description',2,'Kuwait');

INSERT INTO international_description (table_id,foreign_id,psudo_column,language_id,content)
    VALUES (64,114,'description',2,'Kirgisto');

INSERT INTO international_description (table_id,foreign_id,psudo_column,language_id,content)
    VALUES (64,115,'description',2,'Laos');

INSERT INTO international_description (table_id,foreign_id,psudo_column,language_id,content)
    VALUES (64,116,'description',2,'Latvia');

INSERT INTO international_description (table_id,foreign_id,psudo_column,language_id,content)
    VALUES (64,117,'description',2,'Lbano');

INSERT INTO international_description (table_id,foreign_id,psudo_column,language_id,content)
    VALUES (64,118,'description',2,'Lesoto');

INSERT INTO international_description (table_id,foreign_id,psudo_column,language_id,content)
    VALUES (64,119,'description',2,'Libria');

INSERT INTO international_description (table_id,foreign_id,psudo_column,language_id,content)
    VALUES (64,120,'description',2,'Lbia');

INSERT INTO international_description (table_id,foreign_id,psudo_column,language_id,content)
    VALUES (64,121,'description',2,'Liechtenstein');

INSERT INTO international_description (table_id,foreign_id,psudo_column,language_id,content)
    VALUES (64,122,'description',2,'Litunia');

INSERT INTO international_description (table_id,foreign_id,psudo_column,language_id,content)
    VALUES (64,123,'description',2,'Luxemburgo');

INSERT INTO international_description (table_id,foreign_id,psudo_column,language_id,content)
    VALUES (64,124,'description',2,'Macau SAR');

INSERT INTO international_description (table_id,foreign_id,psudo_column,language_id,content)
    VALUES (64,125,'description',2,'Macednia, Antiga Repblica Jugoslava da');

INSERT INTO international_description (table_id,foreign_id,psudo_column,language_id,content)
    VALUES (64,126,'description',2,'Madagscar');

INSERT INTO international_description (table_id,foreign_id,psudo_column,language_id,content)
    VALUES (64,127,'description',2,'Malaui');

INSERT INTO international_description (table_id,foreign_id,psudo_column,language_id,content)
    VALUES (64,128,'description',2,'Malsia');

INSERT INTO international_description (table_id,foreign_id,psudo_column,language_id,content)
    VALUES (64,129,'description',2,'Maldivas');

INSERT INTO international_description (table_id,foreign_id,psudo_column,language_id,content)
    VALUES (64,130,'description',2,'Mali');

INSERT INTO international_description (table_id,foreign_id,psudo_column,language_id,content)
    VALUES (64,131,'description',2,'Malta');

INSERT INTO international_description (table_id,foreign_id,psudo_column,language_id,content)
    VALUES (64,132,'description',2,'Ilhas Marshall');

INSERT INTO international_description (table_id,foreign_id,psudo_column,language_id,content)
    VALUES (64,133,'description',2,'Martinica');

INSERT INTO international_description (table_id,foreign_id,psudo_column,language_id,content)
    VALUES (64,134,'description',2,'Mauritnia');

INSERT INTO international_description (table_id,foreign_id,psudo_column,language_id,content)
    VALUES (64,135,'description',2,'Maurcias');

INSERT INTO international_description (table_id,foreign_id,psudo_column,language_id,content)
    VALUES (64,136,'description',2,'Maiote');

INSERT INTO international_description (table_id,foreign_id,psudo_column,language_id,content)
    VALUES (64,137,'description',2,'Mxico');

INSERT INTO international_description (table_id,foreign_id,psudo_column,language_id,content)
    VALUES (64,138,'description',2,'Micronsia');

INSERT INTO international_description (table_id,foreign_id,psudo_column,language_id,content)
    VALUES (64,139,'description',2,'Moldova');

INSERT INTO international_description (table_id,foreign_id,psudo_column,language_id,content)
    VALUES (64,140,'description',2,'Mnaco');

INSERT INTO international_description (table_id,foreign_id,psudo_column,language_id,content)
    VALUES (64,141,'description',2,'Monglia');

INSERT INTO international_description (table_id,foreign_id,psudo_column,language_id,content)
    VALUES (64,142,'description',2,'Monserrate');

INSERT INTO international_description (table_id,foreign_id,psudo_column,language_id,content)
    VALUES (64,143,'description',2,'Marrocos');

INSERT INTO international_description (table_id,foreign_id,psudo_column,language_id,content)
    VALUES (64,144,'description',2,'Moambique');

INSERT INTO international_description (table_id,foreign_id,psudo_column,language_id,content)
    VALUES (64,145,'description',2,'Mianmar');

INSERT INTO international_description (table_id,foreign_id,psudo_column,language_id,content)
    VALUES (64,146,'description',2,'Nambia');

INSERT INTO international_description (table_id,foreign_id,psudo_column,language_id,content)
    VALUES (64,1,'description',2,'Afganisto');

INSERT INTO international_description (table_id,foreign_id,psudo_column,language_id,content)
    VALUES (64,2,'description',2,'Albnia');

INSERT INTO international_description (table_id,foreign_id,psudo_column,language_id,content)
    VALUES (64,3,'description',2,'Algria');

INSERT INTO international_description (table_id,foreign_id,psudo_column,language_id,content)
    VALUES (64,4,'description',2,'Samoa Americana');

INSERT INTO international_description (table_id,foreign_id,psudo_column,language_id,content)
    VALUES (64,5,'description',2,'Andorra');

INSERT INTO international_description (table_id,foreign_id,psudo_column,language_id,content)
    VALUES (64,6,'description',2,'Angola');

INSERT INTO international_description (table_id,foreign_id,psudo_column,language_id,content)
    VALUES (64,7,'description',2,'Anguilha');

INSERT INTO international_description (table_id,foreign_id,psudo_column,language_id,content)
    VALUES (64,8,'description',2,'Antrtida');

INSERT INTO international_description (table_id,foreign_id,psudo_column,language_id,content)
    VALUES (64,9,'description',2,'Antigua e Barbuda');

INSERT INTO international_description (table_id,foreign_id,psudo_column,language_id,content)
    VALUES (64,10,'description',2,'Argentina');

INSERT INTO international_description (table_id,foreign_id,psudo_column,language_id,content)
    VALUES (64,11,'description',2,'Armnia');

INSERT INTO international_description (table_id,foreign_id,psudo_column,language_id,content)
    VALUES (64,12,'description',2,'Aruba');

INSERT INTO international_description (table_id,foreign_id,psudo_column,language_id,content)
    VALUES (64,13,'description',2,'Austrlia');

INSERT INTO international_description (table_id,foreign_id,psudo_column,language_id,content)
    VALUES (64,14,'description',2,'ustria');

INSERT INTO international_description (table_id,foreign_id,psudo_column,language_id,content)
    VALUES (64,15,'description',2,'Azerbeijo');

INSERT INTO international_description (table_id,foreign_id,psudo_column,language_id,content)
    VALUES (64,16,'description',2,'Bahamas');

INSERT INTO international_description (table_id,foreign_id,psudo_column,language_id,content)
    VALUES (64,17,'description',2,'Bahrain');

INSERT INTO international_description (table_id,foreign_id,psudo_column,language_id,content)
    VALUES (64,18,'description',2,'Bangladesh');

INSERT INTO international_description (table_id,foreign_id,psudo_column,language_id,content)
    VALUES (64,19,'description',2,'Barbados');

INSERT INTO international_description (table_id,foreign_id,psudo_column,language_id,content)
    VALUES (64,20,'description',2,'Belarssia');

INSERT INTO international_description (table_id,foreign_id,psudo_column,language_id,content)
    VALUES (64,21,'description',2,'Blgica');

INSERT INTO international_description (table_id,foreign_id,psudo_column,language_id,content)
    VALUES (64,22,'description',2,'Belize');

INSERT INTO international_description (table_id,foreign_id,psudo_column,language_id,content)
    VALUES (64,23,'description',2,'Benin');

INSERT INTO international_description (table_id,foreign_id,psudo_column,language_id,content)
    VALUES (64,24,'description',2,'Bermuda');

INSERT INTO international_description (table_id,foreign_id,psudo_column,language_id,content)
    VALUES (64,25,'description',2,'Buto');

INSERT INTO international_description (table_id,foreign_id,psudo_column,language_id,content)
    VALUES (64,26,'description',2,'Bolvia');

INSERT INTO international_description (table_id,foreign_id,psudo_column,language_id,content)
    VALUES (64,27,'description',2,'Bosnia e Herzegovina');

INSERT INTO international_description (table_id,foreign_id,psudo_column,language_id,content)
    VALUES (64,28,'description',2,'Botswana');

INSERT INTO international_description (table_id,foreign_id,psudo_column,language_id,content)
    VALUES (64,29,'description',2,'Ilha Bouvet');

INSERT INTO international_description (table_id,foreign_id,psudo_column,language_id,content)
    VALUES (64,30,'description',2,'Brasil');

INSERT INTO international_description (table_id,foreign_id,psudo_column,language_id,content)
    VALUES (64,31,'description',2,'Territrio Britnico do Oceano ndico');

INSERT INTO international_description (table_id,foreign_id,psudo_column,language_id,content)
    VALUES (64,32,'description',2,'Brunei');

INSERT INTO international_description (table_id,foreign_id,psudo_column,language_id,content)
    VALUES (64,33,'description',2,'Bulgria');

INSERT INTO international_description (table_id,foreign_id,psudo_column,language_id,content)
    VALUES (64,34,'description',2,'Burquina Faso');

INSERT INTO international_description (table_id,foreign_id,psudo_column,language_id,content)
    VALUES (64,35,'description',2,'Burundi');

INSERT INTO international_description (table_id,foreign_id,psudo_column,language_id,content)
    VALUES (64,36,'description',2,'Cambodia');

INSERT INTO international_description (table_id,foreign_id,psudo_column,language_id,content)
    VALUES (64,37,'description',2,'Camares');

INSERT INTO international_description (table_id,foreign_id,psudo_column,language_id,content)
    VALUES (64,38,'description',2,'Canada');

INSERT INTO international_description (table_id,foreign_id,psudo_column,language_id,content)
    VALUES (64,39,'description',2,'Cabo Verde');

INSERT INTO international_description (table_id,foreign_id,psudo_column,language_id,content)
    VALUES (64,40,'description',2,'Ilhas Caimo');

INSERT INTO international_description (table_id,foreign_id,psudo_column,language_id,content)
    VALUES (64,41,'description',2,'Repblica Centro Africana');

INSERT INTO international_description (table_id,foreign_id,psudo_column,language_id,content)
    VALUES (64,42,'description',2,'Chade');

INSERT INTO international_description (table_id,foreign_id,psudo_column,language_id,content)
    VALUES (64,43,'description',2,'Chile');

INSERT INTO international_description (table_id,foreign_id,psudo_column,language_id,content)
    VALUES (64,44,'description',2,'China');

INSERT INTO international_description (table_id,foreign_id,psudo_column,language_id,content)
    VALUES (64,45,'description',2,'Ilha Natal');

INSERT INTO international_description (table_id,foreign_id,psudo_column,language_id,content)
    VALUES (64,46,'description',2,'Ilha Cocos e Keeling');

INSERT INTO international_description (table_id,foreign_id,psudo_column,language_id,content)
    VALUES (64,47,'description',2,'Colmbia');

INSERT INTO international_description (table_id,foreign_id,psudo_column,language_id,content)
    VALUES (64,48,'description',2,'Comoros');

INSERT INTO international_description (table_id,foreign_id,psudo_column,language_id,content)
    VALUES (64,49,'description',2,'Congo');

INSERT INTO international_description (table_id,foreign_id,psudo_column,language_id,content)
    VALUES (64,50,'description',2,'Ilhas Cook');

INSERT INTO international_description (table_id,foreign_id,psudo_column,language_id,content)
    VALUES (64,51,'description',2,'Costa Rica');

INSERT INTO international_description (table_id,foreign_id,psudo_column,language_id,content)
    VALUES (64,52,'description',2,'Costa do Marfim');

INSERT INTO international_description (table_id,foreign_id,psudo_column,language_id,content)
    VALUES (64,53,'description',2,'Crocia');

INSERT INTO international_description (table_id,foreign_id,psudo_column,language_id,content)
    VALUES (64,54,'description',2,'Cuba');

INSERT INTO international_description (table_id,foreign_id,psudo_column,language_id,content)
    VALUES (64,55,'description',2,'Chipre');

INSERT INTO international_description (table_id,foreign_id,psudo_column,language_id,content)
    VALUES (64,56,'description',2,'Repblica Checa');

INSERT INTO international_description (table_id,foreign_id,psudo_column,language_id,content)
    VALUES (4,1,'description',2,'Dlares Norte Americanos');

INSERT INTO international_description (table_id,foreign_id,psudo_column,language_id,content)
    VALUES (4,2,'description',2,'Dlares Canadianos');

INSERT INTO international_description (table_id,foreign_id,psudo_column,language_id,content)
    VALUES (4,3,'description',2,'Euro');

INSERT INTO international_description (table_id,foreign_id,psudo_column,language_id,content)
    VALUES (4,4,'description',2,'Ien');

INSERT INTO international_description (table_id,foreign_id,psudo_column,language_id,content)
    VALUES (4,5,'description',2,'Libras Estrelinas');

INSERT INTO international_description (table_id,foreign_id,psudo_column,language_id,content)
    VALUES (4,6,'description',2,'Won');

INSERT INTO international_description (table_id,foreign_id,psudo_column,language_id,content)
    VALUES (4,7,'description',2,'Franco Suo');

INSERT INTO international_description (table_id,foreign_id,psudo_column,language_id,content)
    VALUES (4,8,'description',2,'Coroa Sueca');

INSERT INTO international_description (table_id,foreign_id,psudo_column,language_id,content)
    VALUES (6,1,'description',2,'Ms');

INSERT INTO international_description (table_id,foreign_id,psudo_column,language_id,content)
    VALUES (6,2,'description',2,'Semana');

INSERT INTO international_description (table_id,foreign_id,psudo_column,language_id,content)
    VALUES (6,3,'description',2,'Dia');

INSERT INTO international_description (table_id,foreign_id,psudo_column,language_id,content)
    VALUES (6,4,'description',2,'Ano');

INSERT INTO international_description (table_id,foreign_id,psudo_column,language_id,content)
    VALUES (7,1,'description',2,'Email');

INSERT INTO international_description (table_id,foreign_id,psudo_column,language_id,content)
    VALUES (7,2,'description',2,'Papel');

INSERT INTO international_description (table_id,foreign_id,psudo_column,language_id,content)
    VALUES (9,1,'description',2,'Activo');

INSERT INTO international_description (table_id,foreign_id,psudo_column,language_id,content)
    VALUES (9,2,'description',2,'Em aberto');

INSERT INTO international_description (table_id,foreign_id,psudo_column,language_id,content)
    VALUES (9,3,'description',2,'Em aberto 2');

INSERT INTO international_description (table_id,foreign_id,psudo_column,language_id,content)
    VALUES (9,4,'description',2,'Em aberto 3');

INSERT INTO international_description (table_id,foreign_id,psudo_column,language_id,content)
    VALUES (9,5,'description',2,'Suspensa');

INSERT INTO international_description (table_id,foreign_id,psudo_column,language_id,content)
    VALUES (9,6,'description',2,'Suspensa 2');

INSERT INTO international_description (table_id,foreign_id,psudo_column,language_id,content)
    VALUES (9,7,'description',2,'Suspensa 3');

INSERT INTO international_description (table_id,foreign_id,psudo_column,language_id,content)
    VALUES (9,8,'description',2,'Eliminado');

INSERT INTO international_description (table_id,foreign_id,psudo_column,language_id,content)
    VALUES (60,1,'description',2,'Um utilizador interno com todas as permisses');

INSERT INTO international_description (table_id,foreign_id,psudo_column,language_id,content)
    VALUES (60,1,'title',2,'Interno');

INSERT INTO international_description (table_id,foreign_id,psudo_column,language_id,content)
    VALUES (60,2,'description',2,'O super utilizador de uma entidade');

INSERT INTO international_description (table_id,foreign_id,psudo_column,language_id,content)
    VALUES (60,2,'title',2,'Super utilizador');

INSERT INTO international_description (table_id,foreign_id,psudo_column,language_id,content)
    VALUES (60,3,'description',2,'Um operador de facturao');

INSERT INTO international_description (table_id,foreign_id,psudo_column,language_id,content)
    VALUES (60,3,'title',2,'Operador');

INSERT INTO international_description (table_id,foreign_id,psudo_column,language_id,content)
    VALUES (60,4,'description',2,'Um parceiro que vai angariar clientes');

INSERT INTO international_description (table_id,foreign_id,psudo_column,language_id,content)
    VALUES (60,4,'title',2,'Parceiro');

INSERT INTO international_description (table_id,foreign_id,psudo_column,language_id,content)
    VALUES (60,5,'description',2,'Um cliente que vai fazer pesquisas na sua conta');

INSERT INTO international_description (table_id,foreign_id,psudo_column,language_id,content)
    VALUES (60,5,'title',2,'Cliente');

INSERT INTO international_description (table_id,foreign_id,psudo_column,language_id,content)
    VALUES (17,1,'description',2,'Vez nica');

INSERT INTO international_description (table_id,foreign_id,psudo_column,language_id,content)
    VALUES (18,1,'description',2,'Items');

INSERT INTO international_description (table_id,foreign_id,psudo_column,language_id,content)
    VALUES (18,2,'description',2,'Imposto');

INSERT INTO international_description (table_id,foreign_id,psudo_column,language_id,content)
    VALUES (19,1,'description',2,'Pr pago');

INSERT INTO international_description (table_id,foreign_id,psudo_column,language_id,content)
    VALUES (19,2,'description',2,'Ps pago');

INSERT INTO international_description (table_id,foreign_id,psudo_column,language_id,content)
    VALUES (20,1,'description',2,'Activo');

INSERT INTO international_description (table_id,foreign_id,psudo_column,language_id,content)
    VALUES (20,2,'description',2,'Terminado');

INSERT INTO international_description (table_id,foreign_id,psudo_column,language_id,content)
    VALUES (20,3,'description',2,'Suspenso');

INSERT INTO international_description (table_id,foreign_id,psudo_column,language_id,content)
    VALUES (35,1,'description',2,'Cheque');

INSERT INTO international_description (table_id,foreign_id,psudo_column,language_id,content)
    VALUES (35,2,'description',2,'Visa');

INSERT INTO international_description (table_id,foreign_id,psudo_column,language_id,content)
    VALUES (35,3,'description',2,'MasterCard');

INSERT INTO international_description (table_id,foreign_id,psudo_column,language_id,content)
    VALUES (41,1,'description',2,'Com sucesso');

INSERT INTO international_description (table_id,foreign_id,psudo_column,language_id,content)
    VALUES (41,2,'description',2,'Sem sucesso');

INSERT INTO international_description (table_id,foreign_id,psudo_column,language_id,content)
    VALUES (41,3,'description',2,'Processador indisponvel');

INSERT INTO international_description (table_id,foreign_id,psudo_column,language_id,content)
    VALUES (41,4,'description',2,'Inserido');

INSERT INTO international_description (table_id,foreign_id,psudo_column,language_id,content)
    VALUES (46,1,'description',2,'Processo de Facturao');

INSERT INTO international_description (table_id,foreign_id,psudo_column,language_id,content)
    VALUES (46,2,'description',2,'Manuteno de Utilizador');

INSERT INTO international_description (table_id,foreign_id,psudo_column,language_id,content)
    VALUES (46,3,'description',2,'Item de manuteno');

INSERT INTO international_description (table_id,foreign_id,psudo_column,language_id,content)
    VALUES (46,4,'description',2,'Item tipo de manuteno');

INSERT INTO international_description (table_id,foreign_id,psudo_column,language_id,content)
    VALUES (46,5,'description',2,'Item manuteno de preo de utilizador');

INSERT INTO international_description (table_id,foreign_id,psudo_column,language_id,content)
    VALUES (46,6,'description',2,'Manuteno de promoo');

INSERT INTO international_description (table_id,foreign_id,psudo_column,language_id,content)
    VALUES (46,7,'description',2,'Manuteno por ordem');

INSERT INTO international_description (table_id,foreign_id,psudo_column,language_id,content)
    VALUES (46,8,'description',2,'Manuteno de carto de crdito');

INSERT INTO international_description (table_id,foreign_id,psudo_column,language_id,content)
    VALUES (47,1,'description',2,'Uma ordem pr-paga tem tempo no facturado anterior  data de facturao');

INSERT INTO international_description (table_id,foreign_id,psudo_column,language_id,content)
    VALUES (47,2,'description',2,'A ordem no tem nenhum perodo activo  data de processamento.');

INSERT INTO international_description (table_id,foreign_id,psudo_column,language_id,content)
    VALUES (47,3,'description',2,'Pelo menos um perodo completo tem de ser facturvel.');

INSERT INTO international_description (table_id,foreign_id,psudo_column,language_id,content)
    VALUES (47,4,'description',2,'J h facturao para o perodo.');

INSERT INTO international_description (table_id,foreign_id,psudo_column,language_id,content)
    VALUES (47,5,'description',2,'Esta ordem teve de ser marcada para excluso do ltimo processo.');

INSERT INTO international_description (table_id,foreign_id,psudo_column,language_id,content)
    VALUES (47,6,'description',2,'Pre-paid order is being process after its expiration.');

INSERT INTO international_description (table_id,foreign_id,psudo_column,language_id,content)
    VALUES (47,7,'description',2,'A linha marcada foi eliminada.');

INSERT INTO international_description (table_id,foreign_id,psudo_column,language_id,content)
    VALUES (47,8,'description',2,'A senha de utilizador foi alterada.');

INSERT INTO international_description (table_id,foreign_id,psudo_column,language_id,content)
    VALUES (47,9,'description',2,'Uma linha foi actualizada.');

INSERT INTO international_description (table_id,foreign_id,psudo_column,language_id,content)
    VALUES (47,10,'description',2,'A correr um processo de facturao, foi encontrada uma reviso rejeitada.');

INSERT INTO international_description (table_id,foreign_id,psudo_column,language_id,content)
    VALUES (47,11,'description',2,'A correr um processo de facturao, uma  necessria mas no encontrada.');

INSERT INTO international_description (table_id,foreign_id,psudo_column,language_id,content)
    VALUES (47,12,'description',2,'Um status de utilizador foi alterado.');

INSERT INTO international_description (table_id,foreign_id,psudo_column,language_id,content)
    VALUES (47,13,'description',2,'Um status de uma ordem foi alterado.');

INSERT INTO international_description (table_id,foreign_id,psudo_column,language_id,content)
    VALUES (47,14,'description',2,'Um utilizador foi inserido no processo de antiguidade, mas no h mais passos configurados.');

INSERT INTO international_description (table_id,foreign_id,psudo_column,language_id,content)
    VALUES (47,15,'description',2,'Um parceiro tem um pagamento a receber, mas no tem instrumento de pagamento.');

INSERT INTO international_description (table_id,foreign_id,psudo_column,language_id,content)
    VALUES (50,1,'description',2,'Processar pagamento com processo de facturao');

INSERT INTO international_description (table_id,foreign_id,psudo_column,language_id,content)
    VALUES (50,2,'description',2,'URL ou ficheiro CSS');

INSERT INTO international_description (table_id,foreign_id,psudo_column,language_id,content)
    VALUES (50,3,'description',2,'URL ou grfico de logotipo');

INSERT INTO international_description (table_id,foreign_id,psudo_column,language_id,content)
    VALUES (50,4,'description',2,'Perodo de graa');

INSERT INTO international_description (table_id,foreign_id,psudo_column,language_id,content)
    VALUES (50,5,'description',2,'Percentagem do parceiro');

INSERT INTO international_description (table_id,foreign_id,psudo_column,language_id,content)
    VALUES (50,6,'description',2,'Valor de referncia do parceiro');

INSERT INTO international_description (table_id,foreign_id,psudo_column,language_id,content)
    VALUES (50,7,'description',2,'Parceiro pagamento nico');

INSERT INTO international_description (table_id,foreign_id,psudo_column,language_id,content)
    VALUES (50,8,'description',2,'Parceiro unidade do perodo de pagamento');

INSERT INTO international_description (table_id,foreign_id,psudo_column,language_id,content)
    VALUES (50,9,'description',2,'Parceiro valor do perodo de pagamento');

INSERT INTO international_description (table_id,foreign_id,psudo_column,language_id,content)
    VALUES (50,10,'description',2,'Parceiro pagamento automtico');

INSERT INTO international_description (table_id,foreign_id,psudo_column,language_id,content)
    VALUES (50,11,'description',2,'Utilizador responsvel pelos parceiros');

INSERT INTO international_description (table_id,foreign_id,psudo_column,language_id,content)
    VALUES (50,12,'description',2,'Parceiro moeda');

INSERT INTO international_description (table_id,foreign_id,psudo_column,language_id,content)
    VALUES (50,13,'description',2,'Entrega pelo mesmo das facturas em papel');

INSERT INTO international_description (table_id,foreign_id,psudo_column,language_id,content)
    VALUES (52,1,'description',2,'Factura (email)');

INSERT INTO international_description (table_id,foreign_id,psudo_column,language_id,content)
    VALUES (52,2,'description',2,'Utilizador Reactivado');

INSERT INTO international_description (table_id,foreign_id,psudo_column,language_id,content)
    VALUES (52,3,'description',2,'Utilizador Em Atraso');

INSERT INTO international_description (table_id,foreign_id,psudo_column,language_id,content)
    VALUES (52,4,'description',2,'Utilizador Em Atraso 2');

INSERT INTO international_description (table_id,foreign_id,psudo_column,language_id,content)
    VALUES (52,5,'description',2,'Utilizador Em Atraso 3');

INSERT INTO international_description (table_id,foreign_id,psudo_column,language_id,content)
    VALUES (52,6,'description',2,'Utilizador Suspenso');

INSERT INTO international_description (table_id,foreign_id,psudo_column,language_id,content)
    VALUES (52,7,'description',2,'Utilizador Suspenso 2');

INSERT INTO international_description (table_id,foreign_id,psudo_column,language_id,content)
    VALUES (52,8,'description',2,'Utilizador Suspenso 3');

INSERT INTO international_description (table_id,foreign_id,psudo_column,language_id,content)
    VALUES (52,9,'description',2,'Utilizador Eliminado');

INSERT INTO international_description (table_id,foreign_id,psudo_column,language_id,content)
    VALUES (52,10,'description',2,'Pagamento Remascente');

INSERT INTO international_description (table_id,foreign_id,psudo_column,language_id,content)
    VALUES (52,11,'description',2,'Parceiro Pagamento');

INSERT INTO international_description (table_id,foreign_id,psudo_column,language_id,content)
    VALUES (52,12,'description',2,'Factura (papel)');

INSERT INTO international_description (table_id,foreign_id,psudo_column,language_id,content)
    VALUES (50,24,'description',2,'Data Factura Fim do Ms');

INSERT INTO international_description (table_id,foreign_id,psudo_column,language_id,content)
    VALUES (4,9,'description',2,'Dlar da Singapura');

INSERT INTO international_description (table_id,foreign_id,psudo_column,language_id,content)
    VALUES (4,10,'description',2,'Ringgit Malasiano');

INSERT INTO international_description (table_id,foreign_id,psudo_column,language_id,content)
    VALUES (4,11,'description',2,'Dlar Australiano');

INSERT INTO international_description (table_id,foreign_id,psudo_column,language_id,content)
    VALUES (50,19,'description',2,'Prximo nmero de factura');

INSERT INTO international_description (table_id,foreign_id,psudo_column,language_id,content)
    VALUES (7,3,'description',2,'Email + Papel');

INSERT INTO international_description (table_id,foreign_id,psudo_column,language_id,content)
    VALUES (35,8,'description',2,'PayPal');

INSERT INTO international_description (table_id,foreign_id,psudo_column,language_id,content)
    VALUES (52,19,'description',2,'Actualizar Carto de Crdito');

INSERT INTO international_description (table_id,foreign_id,psudo_column,language_id,content)
    VALUES (20,4,'description',2,'Suspender (auto)');

INSERT INTO international_description (table_id,foreign_id,psudo_column,language_id,content)
    VALUES (18,3,'description',2,'Penalidade');

INSERT INTO international_description (table_id,foreign_id,psudo_column,language_id,content)
    VALUES (52,20,'description',2,'Senha esquecida');

INSERT INTO international_description (table_id,foreign_id,psudo_column,language_id,content)
    VALUES (89,1,'description',1,'None');

INSERT INTO international_description (table_id,foreign_id,psudo_column,language_id,content)
    VALUES (89,2,'description',1,'Pre-paid balance');

INSERT INTO international_description (table_id,foreign_id,psudo_column,language_id,content)
    VALUES (89,3,'description',1,'Credit limit');

INSERT INTO international_description (table_id,foreign_id,psudo_column,language_id,content)
    VALUES (91,1,'description',1,'Done and billable');

INSERT INTO international_description (table_id,foreign_id,psudo_column,language_id,content)
    VALUES (91,2,'description',1,'Done and not billable');

INSERT INTO international_description (table_id,foreign_id,psudo_column,language_id,content)
    VALUES (91,3,'description',1,'Error detected');

INSERT INTO international_description (table_id,foreign_id,psudo_column,language_id,content)
    VALUES (91,4,'description',1,'Error declared');

INSERT INTO international_description (table_id,foreign_id,psudo_column,language_id,content)
    VALUES (92,1,'description',1,'Running');

INSERT INTO international_description (table_id,foreign_id,psudo_column,language_id,content)
    VALUES (92,2,'description',1,'Finished: successful');

INSERT INTO international_description (table_id,foreign_id,psudo_column,language_id,content)
    VALUES (92,3,'description',1,'Finished: failed');

INSERT INTO international_description (table_id,foreign_id,psudo_column,language_id,content)
    VALUES (23,1,'description',1,'Item management and order line total calculation');

INSERT INTO international_description (table_id,foreign_id,psudo_column,language_id,content)
    VALUES (23,2,'description',1,'Billing process: order filters');

INSERT INTO international_description (table_id,foreign_id,psudo_column,language_id,content)
    VALUES (23,3,'description',1,'Billing process: invoice filters');

INSERT INTO international_description (table_id,foreign_id,psudo_column,language_id,content)
    VALUES (23,4,'description',1,'Invoice presentation');

INSERT INTO international_description (table_id,foreign_id,psudo_column,language_id,content)
    VALUES (23,5,'description',1,'Billing process: order periods calculation');

INSERT INTO international_description (table_id,foreign_id,psudo_column,language_id,content)
    VALUES (23,6,'description',1,'Payment gateway integration');

INSERT INTO international_description (table_id,foreign_id,psudo_column,language_id,content)
    VALUES (23,7,'description',1,'Notifications');

INSERT INTO international_description (table_id,foreign_id,psudo_column,language_id,content)
    VALUES (23,8,'description',1,'Payment instrument selection');

INSERT INTO international_description (table_id,foreign_id,psudo_column,language_id,content)
    VALUES (23,9,'description',1,'Penalties for overdue invoices');

INSERT INTO international_description (table_id,foreign_id,psudo_column,language_id,content)
    VALUES (23,10,'description',1,'Alarms when a payment gateway is down');

INSERT INTO international_description (table_id,foreign_id,psudo_column,language_id,content)
    VALUES (23,11,'description',1,'Subscription status manager');

INSERT INTO international_description (table_id,foreign_id,psudo_column,language_id,content)
    VALUES (23,12,'description',1,'Parameters for asynchronous payment processing');

INSERT INTO international_description (table_id,foreign_id,psudo_column,language_id,content)
    VALUES (23,13,'description',1,'Add one product to order');

INSERT INTO international_description (table_id,foreign_id,psudo_column,language_id,content)
    VALUES (23,14,'description',1,'Product pricing');

INSERT INTO international_description (table_id,foreign_id,psudo_column,language_id,content)
    VALUES (23,15,'description',1,'Mediation Reader');

INSERT INTO international_description (table_id,foreign_id,psudo_column,language_id,content)
    VALUES (23,16,'description',1,'Mediation Processor');

INSERT INTO international_description (table_id,foreign_id,psudo_column,language_id,content)
    VALUES (23,17,'description',1,'Generic internal events listener');

INSERT INTO international_description (table_id,foreign_id,psudo_column,language_id,content)
    VALUES (23,18,'description',1,'External provisioning processor');

INSERT INTO international_description (table_id,foreign_id,psudo_column,language_id,content)
    VALUES (23,19,'description',1,'Purchase validation against pre-paid balance / credit limit');

INSERT INTO international_description (table_id,foreign_id,psudo_column,language_id,content)
    VALUES (23,20,'description',1,'Billing process: customer selection');

INSERT INTO international_description (table_id,foreign_id,psudo_column,language_id,content)
    VALUES (23,21,'description',1,'Mediation Error Handler');

INSERT INTO international_description (table_id,foreign_id,psudo_column,language_id,content)
    VALUES (23,22,'description',1,'Scheduled Plug-ins');

INSERT INTO international_description (table_id,foreign_id,psudo_column,language_id,content)
    VALUES (23,23,'description',1,'Rules Generators');

INSERT INTO international_description (table_id,foreign_id,psudo_column,language_id,content)
    VALUES (23,24,'description',1,'Ageing for customers with overdue invoices');

INSERT INTO international_description (table_id,foreign_id,psudo_column,language_id,content)
    VALUES (24,1,'title',1,'Default order totals');

INSERT INTO international_description (table_id,foreign_id,psudo_column,language_id,content)
    VALUES (24,1,'description',1,'Calculates the order total and the total for each line, considering the item prices, the quantity and if the prices are percentage or not.');

INSERT INTO international_description (table_id,foreign_id,psudo_column,language_id,content)
    VALUES (24,2,'title',1,'VAT');

INSERT INTO international_description (table_id,foreign_id,psudo_column,language_id,content)
    VALUES (24,2,'description',1,'Adds an additional line to the order with a percentage charge to represent the value added tax.');

INSERT INTO international_description (table_id,foreign_id,psudo_column,language_id,content)
    VALUES (24,3,'title',1,'Invoice due date');

INSERT INTO international_description (table_id,foreign_id,psudo_column,language_id,content)
    VALUES (24,3,'description',1,'A very simple implementation that sets the due date of the invoice. The due date is calculated by just adding the period of time to the invoice date.');

INSERT INTO international_description (table_id,foreign_id,psudo_column,language_id,content)
    VALUES (24,4,'title',1,'Default invoice composition.');

INSERT INTO international_description (table_id,foreign_id,psudo_column,language_id,content)
    VALUES (24,4,'description',1,'This task will copy all the lines on the orders and invoices to the new invoice, considering the periods involved for each order, but not the fractions of periods. It will not copy the lines that are taxes. The quantity and total of each line will be multiplied by the amount of periods.');

INSERT INTO international_description (table_id,foreign_id,psudo_column,language_id,content)
    VALUES (24,5,'title',1,'Standard Order Filter');

INSERT INTO international_description (table_id,foreign_id,psudo_column,language_id,content)
    VALUES (24, 5,'description',1,'Decides if an order should be included in an invoice for a given billing process.  This is done by taking the billing process time span, the order period, the active since/until, etc.');

INSERT INTO international_description (table_id,foreign_id,psudo_column,language_id,content)
    VALUES (24, 6,'title',1,'Standard Invoice Filter');

INSERT INTO international_description (table_id,foreign_id,psudo_column,language_id,content)
    VALUES (24, 6,'description',1,'Always returns true, meaning that the overdue invoice will be carried over to a new invoice.');

INSERT INTO international_description (table_id,foreign_id,psudo_column,language_id,content)
    VALUES (24, 7,'title',1,'Default Order Periods');

INSERT INTO international_description (table_id,foreign_id,psudo_column,language_id,content)
    VALUES (24, 7,'description',1,'Calculates the start and end period to be included in an invoice. This is done by taking the billing process time span, the order period, the active since/until, etc.');

INSERT INTO international_description (table_id,foreign_id,psudo_column,language_id,content)
    VALUES (24, 8,'title',1,'Authorize.net payment processor');

INSERT INTO international_description (table_id,foreign_id,psudo_column,language_id,content)
    VALUES (24, 8,'description',1,'Integration with the authorize.net payment gateway.');

INSERT INTO international_description (table_id,foreign_id,psudo_column,language_id,content)
    VALUES (24, 9,'title',1,'Standard Email Notification');

INSERT INTO international_description (table_id,foreign_id,psudo_column,language_id,content)
    VALUES (24, 9,'description',1,'Notifies a user by sending an email. It supports text and HTML emails');

INSERT INTO international_description (table_id,foreign_id,psudo_column,language_id,content)
    VALUES (24, 10,'title',1,'Default payment information');

INSERT INTO international_description (table_id,foreign_id,psudo_column,language_id,content)
    VALUES (24, 10,'description',1,'Finds the information of a payment method available to a customer, given priority to credit card. In other words, it will return the credit car of a customer or the ACH information in that order.');

INSERT INTO international_description (table_id,foreign_id,psudo_column,language_id,content)
    VALUES (24, 11,'title',1,'Testing plug-in for partner payouts');

INSERT INTO international_description (table_id,foreign_id,psudo_column,language_id,content)
    VALUES (24, 11,'description',1,'Plug-in useful only for testing');

INSERT INTO international_description (table_id,foreign_id,psudo_column,language_id,content)
    VALUES (24, 12,'title',1,'PDF invoice notification');

INSERT INTO international_description (table_id,foreign_id,psudo_column,language_id,content)
    VALUES (24, 12,'description',1,'Will generate a PDF version of an invoice.');

INSERT INTO international_description (table_id,foreign_id,psudo_column,language_id,content)
    VALUES (24, 14,'title',1,'No invoice carry over');

INSERT INTO international_description (table_id,foreign_id,psudo_column,language_id,content)
    VALUES (24, 14,'description',1,'Returns always false, which makes jBilling to never carry over an invoice into another newer invoice.');

INSERT INTO international_description (table_id,foreign_id,psudo_column,language_id,content)
    VALUES (24, 15,'title',1,'Default interest task');

INSERT INTO international_description (table_id,foreign_id,psudo_column,language_id,content)
    VALUES (24, 15,'description',1,'Will create a new order with a penalty item. The item is taken as a parameter to the task.');

INSERT INTO international_description (table_id,foreign_id,psudo_column,language_id,content)
    VALUES (24, 16,'title',1,'Anticipated order filter');

INSERT INTO international_description (table_id,foreign_id,psudo_column,language_id,content)
    VALUES (24, 16,'description',1,'Extends BasicOrderFilterTask, modifying the dates to make the order applicable a number of months before it would be by using the default filter.');

INSERT INTO international_description (table_id,foreign_id,psudo_column,language_id,content)
    VALUES (24, 17,'title',1,'Anticipate order periods.');

INSERT INTO international_description (table_id,foreign_id,psudo_column,language_id,content)
    VALUES (24, 17,'description',1,'Extends BasicOrderPeriodTask, modifying the dates to make the order applicable a number of months before itd be by using the default task.');

INSERT INTO international_description (table_id,foreign_id,psudo_column,language_id,content)
    VALUES (24, 19,'title',1,'Email & process authorize.net');

INSERT INTO international_description (table_id,foreign_id,psudo_column,language_id,content)
    VALUES (24, 19,'description',1,'Extends the standard authorize.net payment processor to also send an email to the company after processing the payment.');

INSERT INTO international_description (table_id,foreign_id,psudo_column,language_id,content)
    VALUES (24, 20,'title',1,'Payment gateway down alarm');

INSERT INTO international_description (table_id,foreign_id,psudo_column,language_id,content)
    VALUES (24, 20,'description',1,'Sends an email to the billing administrator as an alarm when a payment gateway is down.');

INSERT INTO international_description (table_id,foreign_id,psudo_column,language_id,content)
    VALUES (24, 21,'title',1,'Test payment processor');

INSERT INTO international_description (table_id,foreign_id,psudo_column,language_id,content)
    VALUES (24, 21,'description',1,'A test payment processor implementation to be able to test jBillings functions without using a real payment gateway.');

INSERT INTO international_description (table_id,foreign_id,psudo_column,language_id,content)
    VALUES (24, 22,'title',1,'Router payment processor based on Custom Fields');

INSERT INTO international_description (table_id,foreign_id,psudo_column,language_id,content)
    VALUES (24, 22,'description',1,'Allows a customer to be assigned a specific payment gateway. It checks a custom contact field to identify the gateway and then delegates the actual payment processing to another plugin.');

INSERT INTO international_description (table_id,foreign_id,psudo_column,language_id,content)
    VALUES (24, 23,'title',1,'Default subscription status manager');

INSERT INTO international_description (table_id,foreign_id,psudo_column,language_id,content)
    VALUES (24, 23,'description',1,'It determines how a payment event affects the subscription status of a user, considering its present status and a state machine.');

INSERT INTO international_description (table_id,foreign_id,psudo_column,language_id,content)
    VALUES (24, 24,'title',1,'ACH Commerce payment processor');

INSERT INTO international_description (table_id,foreign_id,psudo_column,language_id,content)
    VALUES (24, 24,'description',1,'Integration with the ACH commerce payment gateway.');

INSERT INTO international_description (table_id,foreign_id,psudo_column,language_id,content)
    VALUES (24, 25,'title',1,'Standard asynchronous parameters');

INSERT INTO international_description (table_id,foreign_id,psudo_column,language_id,content)
    VALUES (24, 25,'description',1,'A dummy task that does not add any parameters for asynchronous payment processing. This is the default.');

INSERT INTO international_description (table_id,foreign_id,psudo_column,language_id,content)
    VALUES (24, 26,'title',1,'Router asynchronous parameters');

INSERT INTO international_description (table_id,foreign_id,psudo_column,language_id,content)
    VALUES (24, 26,'description',1,'This plug-in adds parameters for asynchronous payment processing to have one processing message bean per payment processor. It is used in combination with the router payment processor plug-ins.');

INSERT INTO international_description (table_id,foreign_id,psudo_column,language_id,content)
    VALUES (24, 28,'title',1,'Standard Item Manager');

INSERT INTO international_description (table_id,foreign_id,psudo_column,language_id,content)
    VALUES (24, 28,'description',1,'It adds items to an order. If the item is already in the order, it only updates the quantity.');

INSERT INTO international_description (table_id,foreign_id,psudo_column,language_id,content)
    VALUES (24, 29,'title',1,'Rules Item Manager');

INSERT INTO international_description (table_id,foreign_id,psudo_column,language_id,content)
    VALUES (24, 29,'description',1,'This is a rules-based plug-in. It will do what the basic item manager does (actually calling it); but then it will execute external rules as well. These external rules have full control on changing the order that is getting new items.');

INSERT INTO international_description (table_id,foreign_id,psudo_column,language_id,content)
    VALUES (24, 30,'title',1,'Rules Line Total');

INSERT INTO international_description (table_id,foreign_id,psudo_column,language_id,content)
    VALUES (24, 30,'description',1,'This is a rules-based plug-in. It calculates the total for an order line (typically this is the price multiplied by the quantity); allowing for the execution of external rules.');

INSERT INTO international_description (table_id,foreign_id,psudo_column,language_id,content)
    VALUES (24, 31,'title',1,'Rules Pricing');

INSERT INTO international_description (table_id,foreign_id,psudo_column,language_id,content)
    VALUES (24, 31,'description',1,'This is a rules-based plug-in. It gives a price to an item by executing external rules. You can then add logic externally for pricing. It is also integrated with the mediation process by having access to the mediation pricing data.');

INSERT INTO international_description (table_id,foreign_id,psudo_column,language_id,content)
    VALUES (24, 32,'title',1,'Separator file reader');

INSERT INTO international_description (table_id,foreign_id,psudo_column,language_id,content)
    VALUES (24, 32,'description',1,'This is a reader for the mediation process. It reads records from a text file whose fields are separated by a character (or string).');

INSERT INTO international_description (table_id,foreign_id,psudo_column,language_id,content)
    VALUES (24, 33,'title',1,'Rules mediation processor');

INSERT INTO international_description (table_id,foreign_id,psudo_column,language_id,content)
    VALUES (24, 33,'description',1,'This is a rules-based plug-in (see chapter 7). It takes an event record from the mediation process and executes external rules to translate the record into billing meaningful data. This is at the core of the mediation component, see the ?Telecom Guide? document for more information.');

INSERT INTO international_description (table_id,foreign_id,psudo_column,language_id,content)
    VALUES (24, 34,'title',1,'Fixed length file reader');

INSERT INTO international_description (table_id,foreign_id,psudo_column,language_id,content)
    VALUES (24, 34,'description',1,'This is a reader for the mediation process. It reads records from a text file whose fields have fixed positions,and the record has a fixed length.');

INSERT INTO international_description (table_id,foreign_id,psudo_column,language_id,content)
    VALUES (24, 35,'title',1,'Payment information without validation');

INSERT INTO international_description (table_id,foreign_id,psudo_column,language_id,content)
    VALUES (24, 35,'description',1,'This is exactly the same as the standard payment information task, the only difference is that it does not validate if the credit card is expired. Use this plug-in only if you want to submit payment with expired credit cards.');

INSERT INTO international_description (table_id,foreign_id,psudo_column,language_id,content)
    VALUES (24, 36,'title',1,'Notification task for testing');

INSERT INTO international_description (table_id,foreign_id,psudo_column,language_id,content)
    VALUES (24, 36,'description',1,'This plug-in is only used for testing purposes. Instead of sending an email (or other real notification); it simply stores the text to be sent in a file named emails_sent.txt.');

INSERT INTO international_description (table_id,foreign_id,psudo_column,language_id,content)
    VALUES (24, 37,'title',1,'Order periods calculator with pro rating.');

INSERT INTO international_description (table_id,foreign_id,psudo_column,language_id,content)
    VALUES (24, 37,'description',1,'This plugin takes into consideration the field cycle starts of orders to calculate fractional order periods.');

INSERT INTO international_description (table_id,foreign_id,psudo_column,language_id,content)
    VALUES (24, 38,'title',1,'Invoice composition task with pro-rating (day as fraction)');

INSERT INTO international_description (table_id,foreign_id,psudo_column,language_id,content)
    VALUES (24, 38,'description',1,'When creating an invoice from an order, this plug-in will pro-rate any fraction of a period taking a day as the smallest billable unit.');

INSERT INTO international_description (table_id,foreign_id,psudo_column,language_id,content)
    VALUES (24, 39,'title',1,'Payment process for the Intraanuity payment gateway');

INSERT INTO international_description (table_id,foreign_id,psudo_column,language_id,content)
    VALUES (24, 39,'description',1,'Integration with the Intraanuity payment gateway.');

INSERT INTO international_description (table_id,foreign_id,psudo_column,language_id,content)
    VALUES (24, 40,'title',1,'Automatic cancellation credit.');

INSERT INTO international_description (table_id,foreign_id,psudo_column,language_id,content)
    VALUES (24, 40,'description',1,'This plug-in will create a new order with a negative price to reflect a credit when an order is canceled within a period that has been already invoiced.');

INSERT INTO international_description (table_id,foreign_id,psudo_column,language_id,content)
    VALUES (24, 41,'title',1,'Fees for early cancellation of a plan.');

INSERT INTO international_description (table_id,foreign_id,psudo_column,language_id,content)
    VALUES (24, 41,'description',1,'This plug-in will use external rules to determine if an order that is being canceled should create a new order with a penalty fee. This is typically used for early cancels of a contract.');

INSERT INTO international_description (table_id,foreign_id,psudo_column,language_id,content)
    VALUES (24, 42,'title',1,'Blacklist filter payment processor.');

INSERT INTO international_description (table_id,foreign_id,psudo_column,language_id,content)
    VALUES (24, 42,'description',1,'Used for blocking payments from reaching real payment processors. Typically configured as first payment processor in the processing chain.');

INSERT INTO international_description (table_id,foreign_id,psudo_column,language_id,content)
    VALUES (24, 43,'title',1,'Blacklist user when their status becomes suspended or higher.');

INSERT INTO international_description (table_id,foreign_id,psudo_column,language_id,content)
    VALUES (24, 43,'description',1,'Causes users and their associated details (e.g., credit card number, phone number, etc.) to be blacklisted when their status becomes suspended or higher. ');

INSERT INTO international_description (table_id,foreign_id,psudo_column,language_id,content)
    VALUES (24, 44,'title',1,'JDBC Mediation Reader.');

INSERT INTO international_description (table_id,foreign_id,psudo_column,language_id,content)
    VALUES (24, 44,'description',1,'This is a reader for the mediation process. It reads records from a JDBC database source.');

INSERT INTO international_description (table_id,foreign_id,psudo_column,language_id,content)
    VALUES (24, 45,'title',1,'MySQL Mediation Reader.');

INSERT INTO international_description (table_id,foreign_id,psudo_column,language_id,content)
    VALUES (24, 45,'description',1,'This is a reader for the mediation process. It is an extension of the JDBC reader, allowing easy configuration of a MySQL database source.');

INSERT INTO international_description (table_id,foreign_id,psudo_column,language_id,content)
    VALUES (24, 46,'title',1,'Provisioning commands rules task.');

INSERT INTO international_description (table_id,foreign_id,psudo_column,language_id,content)
    VALUES (24, 46,'description',1,'Responds to order related events. Runs rules to generate commands to send via JMS messages to the external provisioning module.');

INSERT INTO international_description (table_id,foreign_id,psudo_column,language_id,content)
    VALUES (24, 47,'title',1,'Test external provisioning task.');

INSERT INTO international_description (table_id,foreign_id,psudo_column,language_id,content)
    VALUES (24, 47,'description',1,'This plug-in is only used for testing purposes. It is a test external provisioning task for testing the provisioning modules.');

INSERT INTO international_description (table_id,foreign_id,psudo_column,language_id,content)
    VALUES (24, 48,'title',1,'CAI external provisioning task.');

INSERT INTO international_description (table_id,foreign_id,psudo_column,language_id,content)
    VALUES (24, 48,'description',1,'An external provisioning plug-in for communicating with the Ericsson Customer Administration Interface (CAI).');

INSERT INTO international_description (table_id,foreign_id,psudo_column,language_id,content)
    VALUES (24, 49,'title',1,'Currency Router payment processor');

INSERT INTO international_description (table_id,foreign_id,psudo_column,language_id,content)
    VALUES (24, 49,'description',1,'Delegates the actual payment processing to another plug-in based on the currency of the payment.');

INSERT INTO international_description (table_id,foreign_id,psudo_column,language_id,content)
    VALUES (24, 50,'title',1,'MMSC external provisioning task.');

INSERT INTO international_description (table_id,foreign_id,psudo_column,language_id,content)
    VALUES (24, 50,'description',1,'An external provisioning plug-in for communicating with the TeliaSonera MMSC.');

INSERT INTO international_description (table_id,foreign_id,psudo_column,language_id,content)
    VALUES (24, 51,'title',1,'Filters out negative invoices for carry over.');

INSERT INTO international_description (table_id,foreign_id,psudo_column,language_id,content)
    VALUES (24, 51,'description',1,'This filter will only invoices with a positive balance to be carried over to the next invoice.');

INSERT INTO international_description (table_id,foreign_id,psudo_column,language_id,content)
    VALUES (24, 52,'title',1,'File invoice exporter.');

INSERT INTO international_description (table_id,foreign_id,psudo_column,language_id,content)
    VALUES (24, 52,'description',1,'It will generate a file with one line per invoice generated.');

INSERT INTO international_description (table_id,foreign_id,psudo_column,language_id,content)
    VALUES (24, 53,'title',1,'Rules caller on an event.');

INSERT INTO international_description (table_id,foreign_id,psudo_column,language_id,content)
    VALUES (24, 53,'description',1,'It will call a package of rules when an internal event happens.');

INSERT INTO international_description (table_id,foreign_id,psudo_column,language_id,content)
    VALUES (24, 54,'title',1,'Dynamic balance manager');

INSERT INTO international_description (table_id,foreign_id,psudo_column,language_id,content)
    VALUES (24, 54,'description',1,'It will update the dynamic balance of a customer (pre-paid or credit limit) when events affecting the balance happen.');

INSERT INTO international_description (table_id,foreign_id,psudo_column,language_id,content)
    VALUES (24, 55,'title',1,'Balance validator based on the customer balance.');

INSERT INTO international_description (table_id,foreign_id,psudo_column,language_id,content)
    VALUES (24, 55,'description',1,'Used for real-time mediation, this plug-in will validate a call based on the current dynamic balance of a customer.');

INSERT INTO international_description (table_id,foreign_id,psudo_column,language_id,content)
    VALUES (24, 56,'title',1,'Balance validator based on rules.');

INSERT INTO international_description (table_id,foreign_id,psudo_column,language_id,content)
    VALUES (24, 56,'description',1,'Used for real-time mediation, this plug-in will validate a call based on a package or rules');

INSERT INTO international_description (table_id,foreign_id,psudo_column,language_id,content)
    VALUES (24, 57,'title',1,'Payment processor for Payments Gateway.');

INSERT INTO international_description (table_id,foreign_id,psudo_column,language_id,content)
    VALUES (24, 57,'description',1,'Integration with the Payments Gateway payment processor.');

INSERT INTO international_description (table_id,foreign_id,psudo_column,language_id,content)
    VALUES (24, 58,'title',1,'Credit cards are stored externally.');

INSERT INTO international_description (table_id,foreign_id,psudo_column,language_id,content)
    VALUES (24, 58,'description',1,'Saves the credit card information in the payment gateway, rather than the jBilling DB.');

INSERT INTO international_description (table_id,foreign_id,psudo_column,language_id,content)
    VALUES (24, 59,'title',1,'Rules Item Manager 2');

INSERT INTO international_description (table_id,foreign_id,psudo_column,language_id,content)
    VALUES (24, 59,'description',1,'This is a rules-based plug-in compatible with the mediation module of jBilling 2.2.x. It will do what the basic item manager does (actually calling it); but then it will execute external rules as well. These external rules have full control on changing the order that is getting new items.');

INSERT INTO international_description (table_id,foreign_id,psudo_column,language_id,content)
    VALUES (24, 60,'title',1,'Rules Line Total - 2');

INSERT INTO international_description (table_id,foreign_id,psudo_column,language_id,content)
    VALUES (24, 60,'description',1,'This is a rules-based plug-in, compatible with the mediation process of jBilling 2.2.x and later. It calculates the total for an order line (typically this is the price multiplied by the quantity); allowing for the execution of external rules.');

INSERT INTO international_description (table_id,foreign_id,psudo_column,language_id,content)
    VALUES (24, 61,'title',1,'Rules Pricing 2');

INSERT INTO international_description (table_id,foreign_id,psudo_column,language_id,content)
    VALUES (24, 61,'description',1,'This is a rules-based plug-in compatible with the mediation module of jBilling 2.2.x. It gives a price to an item by executing external rules. You can then add logic externally for pricing. It is also integrated with the mediation process by having access to the mediation pricing data.');

INSERT INTO international_description (table_id,foreign_id,psudo_column,language_id,content)
    VALUES (24, 63,'title',1,'Test payment processor for external storage.');

INSERT INTO international_description (table_id,foreign_id,psudo_column,language_id,content)
    VALUES (24, 63,'description',1,'A fake plug-in to test payments that would be stored externally.');

INSERT INTO international_description (table_id,foreign_id,psudo_column,language_id,content)
    VALUES (24, 64,'title',1,'WorldPay integration');

INSERT INTO international_description (table_id,foreign_id,psudo_column,language_id,content)
    VALUES (24, 64,'description',1,'Payment processor plug-in to integrate with RBS WorldPay');

INSERT INTO international_description (table_id,foreign_id,psudo_column,language_id,content)
    VALUES (24, 65,'title',1,'WorldPay integration with external storage');

INSERT INTO international_description (table_id,foreign_id,psudo_column,language_id,content)
    VALUES (24, 65,'description',1,'Payment processor plug-in to integrate with RBS WorldPay. It stores the credit card information (number, etc) in the gateway.');

INSERT INTO international_description (table_id,foreign_id,psudo_column,language_id,content)
    VALUES (24, 66,'title',1,'Auto recharge');

INSERT INTO international_description (table_id,foreign_id,psudo_column,language_id,content)
    VALUES (24, 66,'description',1,'Monitors the balance of a customer and upon reaching a limit, it requests a real-time payment');

INSERT INTO international_description (table_id,foreign_id,psudo_column,language_id,content)
    VALUES (24, 67,'title',1,'Beanstream gateway integration');

INSERT INTO international_description (table_id,foreign_id,psudo_column,language_id,content)
    VALUES (24, 67,'description',1,'Payment processor for integration with the Beanstream payment gateway');

INSERT INTO international_description (table_id,foreign_id,psudo_column,language_id,content)
    VALUES (24, 68,'title',1,'Sage payments gateway integration');

INSERT INTO international_description (table_id,foreign_id,psudo_column,language_id,content)
    VALUES (24, 68,'description',1,'Payment processor for integration with the Sage payment gateway');

INSERT INTO international_description (table_id,foreign_id,psudo_column,language_id,content)
    VALUES (24, 69,'title',1,'Standard billing process users filter');

INSERT INTO international_description (table_id,foreign_id,psudo_column,language_id,content)
    VALUES (24, 69,'description',1,'Called when the billing process runs to select which users to evaluate. This basic implementation simply returns every user not in suspended (or worse) status');

INSERT INTO international_description (table_id,foreign_id,psudo_column,language_id,content)
    VALUES (24, 70,'title',1,'Selective billing process users filter');

INSERT INTO international_description (table_id,foreign_id,psudo_column,language_id,content)
    VALUES (24, 70,'description',1,'Called when the billing process runs to select which users to evaluate. This only returns users with orders that have a next invoice date earlier than the billing process.');

INSERT INTO international_description (table_id,foreign_id,psudo_column,language_id,content)
    VALUES (24, 71,'title',1,'Mediation file error handler');

INSERT INTO international_description (table_id,foreign_id,psudo_column,language_id,content)
    VALUES (24, 71,'description',1,'Event records with errors are saved to a file');

INSERT INTO international_description (table_id,foreign_id,psudo_column,language_id,content)
    VALUES (24, 73,'title',1,'Mediation data base error handler');

INSERT INTO international_description (table_id,foreign_id,psudo_column,language_id,content)
    VALUES (24, 73,'description',1,'Event records with errors are saved to a database table');

INSERT INTO international_description (table_id,foreign_id,psudo_column,language_id,content)
    VALUES (24, 75,'title',1,'Paypal integration with external storage');

INSERT INTO international_description (table_id,foreign_id,psudo_column,language_id,content)
    VALUES (24, 75,'description',1,'Submits payments to paypal as a payment gateway and stores credit card information in PayPal as well');

INSERT INTO international_description (table_id,foreign_id,psudo_column,language_id,content)
    VALUES (24, 76,'title',1,'Authorize.net integration with external storage');

INSERT INTO international_description (table_id,foreign_id,psudo_column,language_id,content)
    VALUES (24, 76,'description',1,'Submits payments to authorize.net as a payment gateway and stores credit card information in authorize.net as well');

INSERT INTO international_description (table_id,foreign_id,psudo_column,language_id,content)
    VALUES (24, 77,'title',1,'Payment method router payment processor');

INSERT INTO international_description (table_id,foreign_id,psudo_column,language_id,content)
    VALUES (24, 77,'description',1,'Delegates the actual payment processing to another plug-in based on the payment method of the payment.');

INSERT INTO international_description (table_id,foreign_id,psudo_column,language_id,content)
    VALUES (24, 78,'title',1,'Dynamic rules generator');

INSERT INTO international_description (table_id,foreign_id,psudo_column,language_id,content)
    VALUES (24, 78,'description',1,'Generates rules dynamically based on a Velocity template.');

INSERT INTO international_description (table_id,foreign_id,psudo_column,language_id,content)
    VALUES (24, 79,'title',1,'Mediation Process Task');

INSERT INTO international_description (table_id,foreign_id,psudo_column,language_id,content)
    VALUES (24, 79,'description',1,'A scheduled task to execute the Mediation Process.');

INSERT INTO international_description (table_id,foreign_id,psudo_column,language_id,content)
    VALUES (24, 80,'title',1,'Billing Process Task');

INSERT INTO international_description (table_id,foreign_id,psudo_column,language_id,content)
    VALUES (24, 80,'description',1,'A scheduled task to execute the Billing Process.');

INSERT INTO international_description (table_id,foreign_id,psudo_column,language_id,content)
    VALUES (24, 87,'title',1,'Basic ageing');

INSERT INTO international_description (table_id,foreign_id,psudo_column,language_id,content)
    VALUES (24, 87,'description',1,'Ages a user based on the number of days that the account is overdue.');

INSERT INTO international_description (table_id,foreign_id,psudo_column,language_id,content)
    VALUES (24, 88,'title',1,'Ageing process task');

INSERT INTO international_description (table_id,foreign_id,psudo_column,language_id,content)
    VALUES (24, 88,'description',1,'A scheduled task to execute the Ageing Process.');

INSERT INTO international_description (table_id,foreign_id,psudo_column,language_id,content)
    VALUES (24, 89,'title',1,'Business day ageing');

INSERT INTO international_description (table_id,foreign_id,psudo_column,language_id,content)
    VALUES (24, 89,'description',1,'Ages a user based on the number of business days (excluding holidays) that the account is overdue.');

INSERT INTO international_description (table_id,foreign_id,psudo_column,language_id,content)
    VALUES (99,1,'description',1,'Referral Fee');

INSERT INTO international_description (table_id,foreign_id,psudo_column,language_id,content)
    VALUES (99,2,'description',1,'Payment Processor');

INSERT INTO international_description (table_id,foreign_id,psudo_column,language_id,content)
    VALUES (99,3,'description',1,'IP Address');

INSERT INTO international_description (table_id,foreign_id,psudo_column,language_id,content)
    VALUES (47,17,'description',1,'The order line has been updated');

INSERT INTO international_description (table_id,foreign_id,psudo_column,language_id,content)
    VALUES (47,18,'description',1,'The order next billing date has been changed');

INSERT INTO international_description (table_id,foreign_id,psudo_column,language_id,content)
    VALUES (47,19,'description',1,'Last API call to get the the user subscription status transitions');

INSERT INTO international_description (table_id,foreign_id,psudo_column,language_id,content)
    VALUES (47,20,'description',1,'User subscription status has changed');

INSERT INTO international_description (table_id,foreign_id,psudo_column,language_id,content)
    VALUES (47,21,'description',1,'User account is now locked');

INSERT INTO international_description (table_id,foreign_id,psudo_column,language_id,content)
    VALUES (47,22,'description',1,'The order main subscription flag was changed');

INSERT INTO international_description (table_id,foreign_id,psudo_column,language_id,content)
    VALUES (47,23,'description',1,'All the one-time orders the mediation found were in status finished');

INSERT INTO international_description (table_id,foreign_id,psudo_column,language_id,content)
    VALUES (47,24,'description',1,'A valid payment method was not found. The payment request was cancelled');

INSERT INTO international_description (table_id,foreign_id,psudo_column,language_id,content)
    VALUES (47,25,'description',1,'A new row has been created');

INSERT INTO international_description (table_id,foreign_id,psudo_column,language_id,content)
    VALUES (47,26,'description',1,'An invoiced order was cancelled, a credit order was created');

INSERT INTO international_description (table_id,foreign_id,psudo_column,language_id,content)
    VALUES (47,27,'description',1,'A user id was added to the blacklist');

INSERT INTO international_description (table_id,foreign_id,psudo_column,language_id,content)
    VALUES (47,28,'description',1,'A user id was removed from the blacklist');

INSERT INTO international_description (table_id,foreign_id,psudo_column,language_id,content)
    VALUES (47,29,'description',1,'Posted a provisioning command using a UUID');

INSERT INTO international_description (table_id,foreign_id,psudo_column,language_id,content)
    VALUES (47,30,'description',1,'A command was posted for provisioning');

INSERT INTO international_description (table_id,foreign_id,psudo_column,language_id,content)
    VALUES (47,31,'description',1,'The provisioning status of an order line has changed');

INSERT INTO international_description (table_id,foreign_id,psudo_column,language_id,content)
    VALUES (47,32,'description',1,'User subscription status has NOT changed');

INSERT INTO international_description (table_id,foreign_id,psudo_column,language_id,content)
    VALUES (47,33,'description',1,'The dynamic balance of a user has changed');

INSERT INTO international_description (table_id,foreign_id,psudo_column,language_id,content)
    VALUES (47,34,'description',1,'The invoice if child flag has changed');

INSERT INTO international_description (table_id,foreign_id,psudo_column,language_id,content)
    VALUES (101,1,'description',1,'Invoice Reports');

INSERT INTO international_description (table_id,foreign_id,psudo_column,language_id,content)
    VALUES (101,2,'description',1,'Order Reports');

INSERT INTO international_description (table_id,foreign_id,psudo_column,language_id,content)
    VALUES (101,3,'description',1,'Payment Reports');

INSERT INTO international_description (table_id,foreign_id,psudo_column,language_id,content)
    VALUES (101,4,'description',1,'User Reports');

INSERT INTO international_description (table_id,foreign_id,psudo_column,language_id,content)
    VALUES (100,1,'description',1,'Total amount invoiced grouped by period.');

INSERT INTO international_description (table_id,foreign_id,psudo_column,language_id,content)
    VALUES (100,2,'description',1,'Detailed balance ageing report. Shows the age of outstanding customer balances.');

INSERT INTO international_description (table_id,foreign_id,psudo_column,language_id,content)
    VALUES (100,3,'description',1,'Number of users subscribed to a specific product.');

INSERT INTO international_description (table_id,foreign_id,psudo_column,language_id,content)
    VALUES (100,4,'description',1,'Total payment amount received grouped by period.');

INSERT INTO international_description (table_id,foreign_id,psudo_column,language_id,content)
    VALUES (100,5,'description',1,'Number of customers created within a period.');

INSERT INTO international_description (table_id,foreign_id,psudo_column,language_id,content)
    VALUES (100,6,'description',1,'Total revenue (sum of received payments) per customer.');

INSERT INTO international_description (table_id,foreign_id,psudo_column,language_id,content)
    VALUES (100,7,'description',1,'Simple accounts receivable report showing current account balances.');

INSERT INTO international_description (table_id,foreign_id,psudo_column,language_id,content)
    VALUES (100,8,'description',1,'General ledger details of all invoiced charges for the given day.');

INSERT INTO international_description (table_id,foreign_id,psudo_column,language_id,content)
    VALUES (100,9,'description',1,'General ledger summary of all invoiced charges for the given day, grouped by item type.');

INSERT INTO international_description (table_id,foreign_id,psudo_column,language_id,content)
    VALUES (104,1,'description',1,'Invoices');

INSERT INTO international_description (table_id,foreign_id,psudo_column,language_id,content)
    VALUES (104,2,'description',1,'Orders');

INSERT INTO international_description (table_id,foreign_id,psudo_column,language_id,content)
    VALUES (104,3,'description',1,'Payments');

INSERT INTO international_description (table_id,foreign_id,psudo_column,language_id,content)
    VALUES (104,4,'description',1,'Users');

INSERT INTO international_description (table_id,foreign_id,psudo_column,language_id,content)
    VALUES (50,25,'description',1,'Use overdue penalties (interest).');

INSERT INTO international_description (table_id,foreign_id,psudo_column,language_id,content)
    VALUES (50,27,'description',1,'Use order anticipation.');

INSERT INTO international_description (table_id,foreign_id,psudo_column,language_id,content)
    VALUES (50,28,'description',1,'Paypal account.');

INSERT INTO international_description (table_id,foreign_id,psudo_column,language_id,content)
    VALUES (50,29,'description',1,'Paypal button URL.');

INSERT INTO international_description (table_id,foreign_id,psudo_column,language_id,content)
    VALUES (50,30,'description',1,'URL for HTTP ageing callback.');

INSERT INTO international_description (table_id,foreign_id,psudo_column,language_id,content)
    VALUES (50,31,'description',1,'Use continuous invoice dates.');

INSERT INTO international_description (table_id,foreign_id,psudo_column,language_id,content)
    VALUES (50,32,'description',1,'Attach PDF invoice to email notification.');

INSERT INTO international_description (table_id,foreign_id,psudo_column,language_id,content)
    VALUES (50,33,'description',1,'Force one order per invoice.');

INSERT INTO international_description (table_id,foreign_id,psudo_column,language_id,content)
    VALUES (50,35,'description',1,'Add order Id to invoice lines.');

INSERT INTO international_description (table_id,foreign_id,psudo_column,language_id,content)
    VALUES (50,36,'description',1,'Allow customers to edit own contact information.');

INSERT INTO international_description (table_id,foreign_id,psudo_column,language_id,content)
    VALUES (50,37,'description',1,'Hide (mask) credit card numbers.');

INSERT INTO international_description (table_id,foreign_id,psudo_column,language_id,content)
    VALUES (50,38,'description',1,'Link ageing to customer subscriber status.');

INSERT INTO international_description (table_id,foreign_id,psudo_column,language_id,content)
    VALUES (50,39,'description',1,'Lock-out user after failed login attempts.');

INSERT INTO international_description (table_id,foreign_id,psudo_column,language_id,content)
    VALUES (50,40,'description',1,'Expire user passwords after days.');

INSERT INTO international_description (table_id,foreign_id,psudo_column,language_id,content)
    VALUES (50,41,'description',1,'Use main-subscription orders.');

INSERT INTO international_description (table_id,foreign_id,psudo_column,language_id,content)
    VALUES (50,42,'description',1,'Use pro-rating.');

INSERT INTO international_description (table_id,foreign_id,psudo_column,language_id,content)
    VALUES (50,43,'description',1,'Use payment blacklist.');

INSERT INTO international_description (table_id,foreign_id,psudo_column,language_id,content)
    VALUES (50,44,'description',1,'Allow negative payments.');

INSERT INTO international_description (table_id,foreign_id,psudo_column,language_id,content)
    VALUES (50,45,'description',1,'Delay negative invoice payments.');

INSERT INTO international_description (table_id,foreign_id,psudo_column,language_id,content)
    VALUES (50,46,'description',1,'Allow invoice without orders.');

INSERT INTO international_description (table_id,foreign_id,psudo_column,language_id,content)
    VALUES (50,47,'description',1,'Last read mediation record id.');

INSERT INTO international_description (table_id,foreign_id,psudo_column,language_id,content)
    VALUES (50,48,'description',1,'Use provisioning.');

INSERT INTO international_description (table_id,foreign_id,psudo_column,language_id,content)
    VALUES (50,49,'description',1,'Automatic customer recharge threshold.');

INSERT INTO international_description (table_id,foreign_id,psudo_column,language_id,content)
    VALUES (50,50,'description',1,'Invoice decimal rounding.');

INSERT INTO international_description (table_id,foreign_id,psudo_column,language_id,content)
    VALUES (50,4,'instruction',1,'Grace period in days before ageing a customer with an overdue invoice.');

INSERT INTO international_description (table_id,foreign_id,psudo_column,language_id,content)
    VALUES (50,5,'instruction',1,'Partner default percentage commission rate. See the Partner section of the documentation.');

INSERT INTO international_description (table_id,foreign_id,psudo_column,language_id,content)
    VALUES (50,6,'instruction',1,'Partner default flat fee to be paid as commission. See the Partner section of the documentation.');

INSERT INTO international_description (table_id,foreign_id,psudo_column,language_id,content)
    VALUES (50,7,'instruction',1,'Set to ''1'' to enable one-time payment for partners. If set, partners will only get paid once per customer. See the Partner section of the documentation.');

INSERT INTO international_description (table_id,foreign_id,psudo_column,language_id,content)
    VALUES (50,8,'instruction',1,'Partner default payout period unit. See the Partner section of the documentation.');

INSERT INTO international_description (table_id,foreign_id,psudo_column,language_id,content)
    VALUES (50,9,'instruction',1,'Partner default payout period value. See the Partner section of the documentation.');

INSERT INTO international_description (table_id,foreign_id,psudo_column,language_id,content)
    VALUES (50,10,'instruction',1,'Set to ''1'' to enable batch payment payouts using the billing process and the configured payment processor. See the Partner section of the documentation.');

INSERT INTO international_description (table_id,foreign_id,psudo_column,language_id,content)
    VALUES (50,11,'instruction',1,'Partner default assigned clerk id. See the Partner section of the documentation.');

INSERT INTO international_description (table_id,foreign_id,psudo_column,language_id,content)
    VALUES (50,12,'instruction',1,'Currency ID to use when paying partners. See the Partner section of the documentation.');

INSERT INTO international_description (table_id,foreign_id,psudo_column,language_id,content)
    VALUES (50,13,'instruction',1,'Set to ''1'' to e-mail invoices as the billing company. ''0'' to deliver invoices as jBilling.');

INSERT INTO international_description (table_id,foreign_id,psudo_column,language_id,content)
    VALUES (50,14,'instruction',1,'Set to ''1'' to show notes in invoices, ''0'' to disable.');

INSERT INTO international_description (table_id,foreign_id,psudo_column,language_id,content)
    VALUES (50,15,'instruction',1,'Days before the orders ''active until'' date to send the 1st notification. Leave blank to disable.');

INSERT INTO international_description (table_id,foreign_id,psudo_column,language_id,content)
    VALUES (50,16,'instruction',1,'Days before the orders ''active until'' date to send the 2nd notification. Leave blank to disable.');

INSERT INTO international_description (table_id,foreign_id,psudo_column,language_id,content)
    VALUES (50,17,'instruction',1,'Days before the orders ''active until'' date to send the 3rd notification. Leave blank to disable.');

INSERT INTO international_description (table_id,foreign_id,psudo_column,language_id,content)
    VALUES (50,18,'instruction',1,'Prefix value for generated invoice public numbers.');

INSERT INTO international_description (table_id,foreign_id,psudo_column,language_id,content)
    VALUES (50,19,'instruction',1,'The current value for generated invoice public numbers. New invoices will be assigned a public number by incrementing this value.');

INSERT INTO international_description (table_id,foreign_id,psudo_column,language_id,content)
    VALUES (50,20,'instruction',1,'Set to ''1'' to allow invoices to be deleted, ''0'' to disable.');

INSERT INTO international_description (table_id,foreign_id,psudo_column,language_id,content)
    VALUES (50,21,'instruction',1,'Set to ''1'' to allow invoice reminder notifications, ''0'' to disable.');

INSERT INTO international_description (table_id,foreign_id,psudo_column,language_id,content)
    VALUES (50,24,'instruction',1,'Set to ''1'' to enable, ''0'' to disable.');

INSERT INTO international_description (table_id,foreign_id,psudo_column,language_id,content)
    VALUES (50,25,'instruction',1,'Set to ''1'' to enable the billing process to calculate interest on overdue payments, ''0'' to disable. Calculation of interest is handled by the selected penalty plug-in.');

INSERT INTO international_description (table_id,foreign_id,psudo_column,language_id,content)
    VALUES (50,27,'instruction',1,'Set to ''1'' to use the ''OrderFilterAnticipateTask'' to invoice a number of months in advance, ''0'' to disable. Plug-in must be configured separately.');

INSERT INTO international_description (table_id,foreign_id,psudo_column,language_id,content)
    VALUES (50,28,'instruction',1,'PayPal account name.');

INSERT INTO international_description (table_id,foreign_id,psudo_column,language_id,content)
    VALUES (50,29,'instruction',1,'A URL where the graphic of the PayPal button resides. The button is displayed to customers when they are making a payment. The default is usually the best option, except when another language is needed.');

INSERT INTO international_description (table_id,foreign_id,psudo_column,language_id,content)
    VALUES (50,30,'instruction',1,'URL for the HTTP Callback to invoke when the ageing process changes a status of a user.');

INSERT INTO international_description (table_id,foreign_id,psudo_column,language_id,content)
    VALUES (50,31,'instruction',1,'Default ''2000-01-01''. If this preference is used, the system will make sure that all your invoices have their dates in a incremental way. Any invoice with a greater ''ID'' will also have a greater (or equal) date. In other words, a new invoice can not have an earlier date than an existing (older) invoice. To use this preference, set it as a string with the date where to start.');

INSERT INTO international_description (table_id,foreign_id,psudo_column,language_id,content)
    VALUES (50,32,'instruction',1,'Set to ''1'' to attach a PDF version of the invoice to all invoice notification e-mails. ''0'' to disable.');

INSERT INTO international_description (table_id,foreign_id,psudo_column,language_id,content)
    VALUES (50,33,'instruction',1,'Set to ''1'' to show the ''include in separate invoice'' flag on an order. ''0'' to disable.');

INSERT INTO international_description (table_id,foreign_id,psudo_column,language_id,content)
    VALUES (50,35,'instruction',1,'Set to ''1'' to include the ID of the order in the description text of the resulting invoice line. ''0'' to disable. This can help to easily track which exact orders is responsible for a line in an invoice, considering that many orders can be included in a single invoice.');

INSERT INTO international_description (table_id,foreign_id,psudo_column,language_id,content)
    VALUES (50,36,'instruction',1,'Set to ''1'' to allow customers to edit their own contact information. ''0'' to disable.');

INSERT INTO international_description (table_id,foreign_id,psudo_column,language_id,content)
    VALUES (50,37,'instruction',1,'Set to ''1'' to mask all credit card numbers. ''0'' to disable. When set, numbers are masked to all users, even administrators, and in all log files.');

INSERT INTO international_description (table_id,foreign_id,psudo_column,language_id,content)
    VALUES (50,38,'instruction',1,'Set to ''1'' to change the subscription status of a user when the user ages. ''0'' to disable.');

INSERT INTO international_description (table_id,foreign_id,psudo_column,language_id,content)
    VALUES (50,39,'instruction',1,'The number of retries to allow before locking the user account. A locked user account will have their password changed to the value of lockout_password in the jbilling.properties configuration file.');

INSERT INTO international_description (table_id,foreign_id,psudo_column,language_id,content)
    VALUES (50,40,'instruction',1,'If greater than zero, it represents the number of days that a password is valid. After those days, the password is expired and the user is forced to change it.');

INSERT INTO international_description (table_id,foreign_id,psudo_column,language_id,content)
    VALUES (50,41,'instruction',1,'Set to ''1'' to allow the usage of the ''main subscription'' flag for orders This flag is read only by the mediation process when determining where to place charges coming from external events.');

INSERT INTO international_description (table_id,foreign_id,psudo_column,language_id,content)
    VALUES (50,42,'instruction',1,'Set to ''1'' to allow the use of pro-rating to invoice fractions of a period. Shows the ''cycle'' attribute of an order. Note that you need to configure the corresponding plug-ins for this feature to be fully functional.');

INSERT INTO international_description (table_id,foreign_id,psudo_column,language_id,content)
    VALUES (50,43,'instruction',1,'If the payment blacklist feature is used, this is set to the id of the configuration of the PaymentFilterTask plug-in. See the Blacklist section of the documentation.');

INSERT INTO international_description (table_id,foreign_id,psudo_column,language_id,content)
    VALUES (50,44,'instruction',1,'Set to ''1'' to allow negative payments. ''0'' to disable');

INSERT INTO international_description (table_id,foreign_id,psudo_column,language_id,content)
    VALUES (50,45,'instruction',1,'Set to ''1'' to delay payment of negative invoice amounts, causing the balance to be carried over to the next invoice. Invoices that have had negative balances from other invoices transferred to them are allowed to immediately make a negative payment (credit) if needed. ''0'' to disable. Preference 44 & 46 are usually also enabled.');

INSERT INTO international_description (table_id,foreign_id,psudo_column,language_id,content)
    VALUES (50,46,'instruction',1,'Set to ''1'' to allow invoices with negative balances to generate a new invoice that isn''t composed of any orders so that their balances will always get carried over to a new invoice for the credit to take place. ''0'' to disable. Preference 44 & 45 are usually also enabled.');

INSERT INTO international_description (table_id,foreign_id,psudo_column,language_id,content)
    VALUES (50,47,'instruction',1,'ID of the last record read by the mediation process. This is used to determine what records are ''new'' and need to be read.');

INSERT INTO international_description (table_id,foreign_id,psudo_column,language_id,content)
    VALUES (50,48,'instruction',1,'Set to ''1'' to allow the use of provisioning. ''0'' to disable.');

INSERT INTO international_description (table_id,foreign_id,psudo_column,language_id,content)
    VALUES (50,49,'instruction',1,'The threshold value for automatic payments. Pre-paid users with an automatic recharge value set will generate an automatic payment whenever the account balance falls below this threshold. Note that you need to configure the AutoRechargeTask plug-in for this feature to be fully functional.');

INSERT INTO international_description (table_id,foreign_id,psudo_column,language_id,content)
    VALUES (50,50,'instruction',1,'The number of decimal places to be shown on the invoice. Defaults to 2.');

INSERT INTO international_description (table_id,foreign_id,psudo_column,language_id,content)
    VALUES (90,1,'description',1,'Paid');

INSERT INTO international_description (table_id,foreign_id,psudo_column,language_id,content)
    VALUES (90,2,'description',1,'Unpaid');

INSERT INTO international_description (table_id,foreign_id,psudo_column,language_id,content)
    VALUES (90,3,'description',1,'Carried');

INSERT INTO international_description (table_id,foreign_id,psudo_column,language_id,content)
    VALUES (59,10,'description',1,'Create customer');

INSERT INTO international_description (table_id,foreign_id,psudo_column,language_id,content)
    VALUES (59,11,'description',1,'Edit customer');

INSERT INTO international_description (table_id,foreign_id,psudo_column,language_id,content)
    VALUES (59,12,'description',1,'Delete customer');

INSERT INTO international_description (table_id,foreign_id,psudo_column,language_id,content)
    VALUES (59,13,'description',1,'Inspect customer');

INSERT INTO international_description (table_id,foreign_id,psudo_column,language_id,content)
    VALUES (59,14,'description',1,'Blacklist customer');

INSERT INTO international_description (table_id,foreign_id,psudo_column,language_id,content)
    VALUES (59,15,'description',1,'View customer details');

INSERT INTO international_description (table_id,foreign_id,psudo_column,language_id,content)
    VALUES (59,16,'description',1,'Download customer CSV');

INSERT INTO international_description (table_id,foreign_id,psudo_column,language_id,content)
    VALUES (59,20,'description',1,'Create order');

INSERT INTO international_description (table_id,foreign_id,psudo_column,language_id,content)
    VALUES (59,21,'description',1,'Edit order');

INSERT INTO international_description (table_id,foreign_id,psudo_column,language_id,content)
    VALUES (59,22,'description',1,'Delete order');

INSERT INTO international_description (table_id,foreign_id,psudo_column,language_id,content)
    VALUES (59,23,'description',1,'Generate invoice for order');

INSERT INTO international_description (table_id,foreign_id,psudo_column,language_id,content)
    VALUES (59,24,'description',1,'View order details');

INSERT INTO international_description (table_id,foreign_id,psudo_column,language_id,content)
    VALUES (59,25,'description',1,'Download order CSV');

INSERT INTO international_description (table_id,foreign_id,psudo_column,language_id,content)
    VALUES (59,26,'description',1,'Edit line price');

INSERT INTO international_description (table_id,foreign_id,psudo_column,language_id,content)
    VALUES (59,27,'description',1,'Edit line description');

INSERT INTO international_description (table_id,foreign_id,psudo_column,language_id,content)
    VALUES (59,28,'description',1,'View all customers');

INSERT INTO international_description (table_id,foreign_id,psudo_column,language_id,content)
    VALUES (59,30,'description',1,'Create payment');

INSERT INTO international_description (table_id,foreign_id,psudo_column,language_id,content)
    VALUES (59,31,'description',1,'Edit payment');

INSERT INTO international_description (table_id,foreign_id,psudo_column,language_id,content)
    VALUES (59,32,'description',1,'Delete payment');

INSERT INTO international_description (table_id,foreign_id,psudo_column,language_id,content)
    VALUES (59,33,'description',1,'Link payment to invoice');

INSERT INTO international_description (table_id,foreign_id,psudo_column,language_id,content)
    VALUES (59,34,'description',1,'View payment details');

INSERT INTO international_description (table_id,foreign_id,psudo_column,language_id,content)
    VALUES (59,35,'description',1,'Download payment CSV');

INSERT INTO international_description (table_id,foreign_id,psudo_column,language_id,content)
    VALUES (59,36,'description',1,'View all customers');

INSERT INTO international_description (table_id,foreign_id,psudo_column,language_id,content)
    VALUES (59,40,'description',1,'Create product');

INSERT INTO international_description (table_id,foreign_id,psudo_column,language_id,content)
    VALUES (59,41,'description',1,'Edit product');

INSERT INTO international_description (table_id,foreign_id,psudo_column,language_id,content)
    VALUES (59,42,'description',1,'Delete product');

INSERT INTO international_description (table_id,foreign_id,psudo_column,language_id,content)
    VALUES (59,43,'description',1,'View product details');

INSERT INTO international_description (table_id,foreign_id,psudo_column,language_id,content)
    VALUES (59,44,'description',1,'Download payment CSV');

INSERT INTO international_description (table_id,foreign_id,psudo_column,language_id,content)
    VALUES (59,50,'description',1,'Create product category');

INSERT INTO international_description (table_id,foreign_id,psudo_column,language_id,content)
    VALUES (59,51,'description',1,'Edit product category');

INSERT INTO international_description (table_id,foreign_id,psudo_column,language_id,content)
    VALUES (59,52,'description',1,'Delete product category');

INSERT INTO international_description (table_id,foreign_id,psudo_column,language_id,content)
    VALUES (59,60,'description',1,'Create plan');

INSERT INTO international_description (table_id,foreign_id,psudo_column,language_id,content)
    VALUES (59,61,'description',1,'Edit plan');

INSERT INTO international_description (table_id,foreign_id,psudo_column,language_id,content)
    VALUES (59,62,'description',1,'Delete plan');

INSERT INTO international_description (table_id,foreign_id,psudo_column,language_id,content)
    VALUES (59,63,'description',1,'View plan details');

INSERT INTO international_description (table_id,foreign_id,psudo_column,language_id,content)
    VALUES (59,70,'description',1,'Delete invoice');

INSERT INTO international_description (table_id,foreign_id,psudo_column,language_id,content)
    VALUES (59,71,'description',1,'Send invoice notification');

INSERT INTO international_description (table_id,foreign_id,psudo_column,language_id,content)
    VALUES (59,72,'description',1,'View invoice details');

INSERT INTO international_description (table_id,foreign_id,psudo_column,language_id,content)
    VALUES (59,73,'description',1,'Download invoice CSV');

INSERT INTO international_description (table_id,foreign_id,psudo_column,language_id,content)
    VALUES (59,74,'description',1,'View all customers');

INSERT INTO international_description (table_id,foreign_id,psudo_column,language_id,content)
    VALUES (59,80,'description',1,'Approve / Disapprove review');

INSERT INTO international_description (table_id,foreign_id,psudo_column,language_id,content)
    VALUES (59,90,'description',1,'Show customer menu');

INSERT INTO international_description (table_id,foreign_id,psudo_column,language_id,content)
    VALUES (59,91,'description',1,'Show invoices menu');

INSERT INTO international_description (table_id,foreign_id,psudo_column,language_id,content)
    VALUES (59,92,'description',1,'Show order menu');

INSERT INTO international_description (table_id,foreign_id,psudo_column,language_id,content)
    VALUES (59,93,'description',1,'Show payments & refunds menu');

INSERT INTO international_description (table_id,foreign_id,psudo_column,language_id,content)
    VALUES (59,94,'description',1,'Show billing menu');

INSERT INTO international_description (table_id,foreign_id,psudo_column,language_id,content)
    VALUES (59,95,'description',1,'Show mediation menu');

INSERT INTO international_description (table_id,foreign_id,psudo_column,language_id,content)
    VALUES (59,96,'description',1,'Show reports menu');

INSERT INTO international_description (table_id,foreign_id,psudo_column,language_id,content)
    VALUES (59,97,'description',1,'Show products menu');

INSERT INTO international_description (table_id,foreign_id,psudo_column,language_id,content)
    VALUES (59,98,'description',1,'Show plans menu');

INSERT INTO international_description (table_id,foreign_id,psudo_column,language_id,content)
    VALUES (59,99,'description',1,'Show configuration menu');

INSERT INTO international_description (table_id,foreign_id,psudo_column,language_id,content)
    VALUES (59,120,'description',1,'Web Service API access');

INSERT INTO invoice_delivery_method (id)
    VALUES (1);

INSERT INTO invoice_delivery_method (id)
    VALUES (2);

INSERT INTO invoice_delivery_method (id)
    VALUES (3);

INSERT INTO invoice_line_type (id,description,order_position)
    VALUES (1,'item recurring',2);

INSERT INTO invoice_line_type (id,description,order_position)
    VALUES (2,'tax',6);

INSERT INTO invoice_line_type (id,description,order_position)
    VALUES (3,'due invoice',1);

INSERT INTO invoice_line_type (id,description,order_position)
    VALUES (4,'interests',4);

INSERT INTO invoice_line_type (id,description,order_position)
    VALUES (5,'sub account',5);

INSERT INTO invoice_line_type (id,description,order_position)
    VALUES (6,'item one-time',3);

INSERT INTO jbilling_table (id,name)
    VALUES (8,'entity_delivery_method_map');

INSERT INTO jbilling_table (id,name)
    VALUES (99,'contact_field_type');

INSERT INTO jbilling_table (id,name)
    VALUES (62,'user_role_map');

INSERT INTO jbilling_table (id,name)
    VALUES (36,'entity_payment_method_map');

INSERT INTO jbilling_table (id,name)
    VALUES (68,'currency_entity_map');

INSERT INTO jbilling_table (id,name)
    VALUES (45,'user_credit_card_map');

INSERT INTO jbilling_table (id,name)
    VALUES (61,'permission_role_map');

INSERT INTO jbilling_table (id,name)
    VALUES (29,'contact_map');

INSERT INTO jbilling_table (id,name)
    VALUES (58,'permission_type');

INSERT INTO jbilling_table (id,name)
    VALUES (6,'period_unit');

INSERT INTO jbilling_table (id,name)
    VALUES (7,'invoice_delivery_method');

INSERT INTO jbilling_table (id,name)
    VALUES (9,'user_status');

INSERT INTO jbilling_table (id,name)
    VALUES (18,'order_line_type');

INSERT INTO jbilling_table (id,name)
    VALUES (19,'order_billing_type');

INSERT INTO jbilling_table (id,name)
    VALUES (20,'order_status');

INSERT INTO jbilling_table (id,name)
    VALUES (23,'pluggable_task_type_category');

INSERT INTO jbilling_table (id,name)
    VALUES (24,'pluggable_task_type');

INSERT INTO jbilling_table (id,name)
    VALUES (30,'invoice_line_type');

INSERT INTO jbilling_table (id,name)
    VALUES (4,'currency');

INSERT INTO jbilling_table (id,name)
    VALUES (35,'payment_method');

INSERT INTO jbilling_table (id,name)
    VALUES (41,'payment_result');

INSERT INTO jbilling_table (id,name)
    VALUES (46,'event_log_module');

INSERT INTO jbilling_table (id,name)
    VALUES (47,'event_log_message');

INSERT INTO jbilling_table (id,name)
    VALUES (50,'preference_type');

INSERT INTO jbilling_table (id,name)
    VALUES (52,'notification_message_type');

INSERT INTO jbilling_table (id,name)
    VALUES (60,'role');

INSERT INTO jbilling_table (id,name)
    VALUES (64,'country');

INSERT INTO jbilling_table (id,name)
    VALUES (59,'permission');

INSERT INTO jbilling_table (id,name)
    VALUES (67,'currency_exchange');

INSERT INTO jbilling_table (id,name)
    VALUES (26,'pluggable_task_parameter');

INSERT INTO jbilling_table (id,name)
    VALUES (34,'billing_process_configuration');

INSERT INTO jbilling_table (id,name)
    VALUES (17,'order_period');

INSERT INTO jbilling_table (id,name)
    VALUES (79,'partner_range');

INSERT INTO jbilling_table (id,name)
    VALUES (15,'item_price');

INSERT INTO jbilling_table (id,name)
    VALUES (11,'partner');

INSERT INTO jbilling_table (id,name)
    VALUES (5,'entity');

INSERT INTO jbilling_table (id,name)
    VALUES (28,'contact_type');

INSERT INTO jbilling_table (id,name)
    VALUES (65,'promotion');

INSERT INTO jbilling_table (id,name)
    VALUES (25,'pluggable_task');

INSERT INTO jbilling_table (id,name)
    VALUES (75,'ach');

INSERT INTO jbilling_table (id,name)
    VALUES (43,'payment_info_cheque');

INSERT INTO jbilling_table (id,name)
    VALUES (70,'partner_payout');

INSERT INTO jbilling_table (id,name)
    VALUES (38,'process_run_total_pm');

INSERT INTO jbilling_table (id,name)
    VALUES (66,'payment_authorization');

INSERT INTO jbilling_table (id,name)
    VALUES (32,'billing_process');

INSERT INTO jbilling_table (id,name)
    VALUES (33,'process_run');

INSERT INTO jbilling_table (id,name)
    VALUES (37,'process_run_total');

INSERT INTO jbilling_table (id,name)
    VALUES (31,'paper_invoice_batch');

INSERT INTO jbilling_table (id,name)
    VALUES (51,'preference');

INSERT INTO jbilling_table (id,name)
    VALUES (53,'notification_message');

INSERT INTO jbilling_table (id,name)
    VALUES (54,'notification_message_section');

INSERT INTO jbilling_table (id,name)
    VALUES (55,'notification_message_line');

INSERT INTO jbilling_table (id,name)
    VALUES (69,'ageing_entity_step');

INSERT INTO jbilling_table (id,name)
    VALUES (13,'item_type');

INSERT INTO jbilling_table (id,name)
    VALUES (14,'item');

INSERT INTO jbilling_table (id,name)
    VALUES (48,'event_log');

INSERT INTO jbilling_table (id,name)
    VALUES (21,'purchase_order');

INSERT INTO jbilling_table (id,name)
    VALUES (22,'order_line');

INSERT INTO jbilling_table (id,name)
    VALUES (39,'invoice');

INSERT INTO jbilling_table (id,name)
    VALUES (40,'invoice_line');

INSERT INTO jbilling_table (id,name)
    VALUES (49,'order_process');

INSERT INTO jbilling_table (id,name)
    VALUES (42,'payment');

INSERT INTO jbilling_table (id,name)
    VALUES (56,'notification_message_arch');

INSERT INTO jbilling_table (id,name)
    VALUES (57,'notification_message_arch_line');

INSERT INTO jbilling_table (id,name)
    VALUES (10,'base_user');

INSERT INTO jbilling_table (id,name)
    VALUES (12,'customer');

INSERT INTO jbilling_table (id,name)
    VALUES (27,'contact');

INSERT INTO jbilling_table (id,name)
    VALUES (76,'contact_field');

INSERT INTO jbilling_table (id,name)
    VALUES (44,'credit_card');

INSERT INTO jbilling_table (id,name)
    VALUES (3,'language');

INSERT INTO jbilling_table (id,name)
    VALUES (80,'payment_invoice');

INSERT INTO jbilling_table (id,name)
    VALUES (81,'subscriber_status');

INSERT INTO jbilling_table (id,name)
    VALUES (82,'mediation_cfg');

INSERT INTO jbilling_table (id,name)
    VALUES (83,'mediation_process');

INSERT INTO jbilling_table (id,name)
    VALUES (85,'blacklist');

INSERT INTO jbilling_table (id,name)
    VALUES (86,'mediation_record_line');

INSERT INTO jbilling_table (id,name)
    VALUES (87,'generic_status');

INSERT INTO jbilling_table (id,name)
    VALUES (88,'order_line_provisioning_status');

INSERT INTO jbilling_table (id,name)
    VALUES (89,'balance_type');

INSERT INTO jbilling_table (id,name)
    VALUES (90,'invoice_status');

INSERT INTO jbilling_table (id,name)
    VALUES (91,'mediation_record_status');

INSERT INTO jbilling_table (id,name)
    VALUES (92,'process_run_status');

INSERT INTO jbilling_table (id,name)
    VALUES (100,'report');

INSERT INTO jbilling_table (id,name)
    VALUES (101,'report_type');

INSERT INTO jbilling_table (id,name)
    VALUES (102,'report_parameter');

INSERT INTO jbilling_table (id,name)
    VALUES (104,'notification_category');

INSERT INTO jbilling_seqs (name,next_id)
    VALUES ('entity_delivery_method_map',4);

INSERT INTO jbilling_seqs (name,next_id)
    VALUES ('contact_field_type',10);

INSERT INTO jbilling_seqs (name,next_id)
    VALUES ('user_role_map',13);

INSERT INTO jbilling_seqs (name,next_id)
    VALUES ('entity_payment_method_map',26);

INSERT INTO jbilling_seqs (name,next_id)
    VALUES ('currency_entity_map',10);

INSERT INTO jbilling_seqs (name,next_id)
    VALUES ('user_credit_card_map',5);

INSERT INTO jbilling_seqs (name,next_id)
    VALUES ('permission_role_map',1);

INSERT INTO jbilling_seqs (name,next_id)
    VALUES ('permission_user',1);

INSERT INTO jbilling_seqs (name,next_id)
    VALUES ('contact_map',6780);

INSERT INTO jbilling_seqs (name,next_id)
    VALUES ('permission_type',9);

INSERT INTO jbilling_seqs (name,next_id)
    VALUES ('period_unit',5);

INSERT INTO jbilling_seqs (name,next_id)
    VALUES ('invoice_delivery_method',4);

INSERT INTO jbilling_seqs (name,next_id)
    VALUES ('user_status',9);

INSERT INTO jbilling_seqs (name,next_id)
    VALUES ('order_line_type',4);

INSERT INTO jbilling_seqs (name,next_id)
    VALUES ('order_billing_type',3);

INSERT INTO jbilling_seqs (name,next_id)
    VALUES ('order_status',5);

INSERT INTO jbilling_seqs (name,next_id)
    VALUES ('pluggable_task_type_category',22);

INSERT INTO jbilling_seqs (name,next_id)
    VALUES ('pluggable_task_type',91);

INSERT INTO jbilling_seqs (name,next_id)
    VALUES ('invoice_line_type',6);

INSERT INTO jbilling_seqs (name,next_id)
    VALUES ('currency',11);

INSERT INTO jbilling_seqs (name,next_id)
    VALUES ('payment_method',9);

INSERT INTO jbilling_seqs (name,next_id)
    VALUES ('payment_result',5);

INSERT INTO jbilling_seqs (name,next_id)
    VALUES ('event_log_module',10);

INSERT INTO jbilling_seqs (name,next_id)
    VALUES ('event_log_message',17);

INSERT INTO jbilling_seqs (name,next_id)
    VALUES ('preference_type',37);

INSERT INTO jbilling_seqs (name,next_id)
    VALUES ('notification_message_type',20);

INSERT INTO jbilling_seqs (name,next_id)
    VALUES ('role',6);

INSERT INTO jbilling_seqs (name,next_id)
    VALUES ('country',238);

INSERT INTO jbilling_seqs (name,next_id)
    VALUES ('permission',120);

INSERT INTO jbilling_seqs (name,next_id)
    VALUES ('currency_exchange',25);

INSERT INTO jbilling_seqs (name,next_id)
    VALUES ('pluggable_task_parameter',1);

INSERT INTO jbilling_seqs (name,next_id)
    VALUES ('billing_process_configuration',1);

INSERT INTO jbilling_seqs (name,next_id)
    VALUES ('order_period',2);

INSERT INTO jbilling_seqs (name,next_id)
    VALUES ('partner_range',1);

INSERT INTO jbilling_seqs (name,next_id)
    VALUES ('item_price',1);

INSERT INTO jbilling_seqs (name,next_id)
    VALUES ('partner',1);

INSERT INTO jbilling_seqs (name,next_id)
    VALUES ('entity',1);

INSERT INTO jbilling_seqs (name,next_id)
    VALUES ('contact_type',2);

INSERT INTO jbilling_seqs (name,next_id)
    VALUES ('promotion',1);

INSERT INTO jbilling_seqs (name,next_id)
    VALUES ('pluggable_task',1);

INSERT INTO jbilling_seqs (name,next_id)
    VALUES ('ach',1);

INSERT INTO jbilling_seqs (name,next_id)
    VALUES ('payment_info_cheque',1);

INSERT INTO jbilling_seqs (name,next_id)
    VALUES ('partner_payout',1);

INSERT INTO jbilling_seqs (name,next_id)
    VALUES ('process_run_total_pm',1);

INSERT INTO jbilling_seqs (name,next_id)
    VALUES ('payment_authorization',1);

INSERT INTO jbilling_seqs (name,next_id)
    VALUES ('billing_process',1);

INSERT INTO jbilling_seqs (name,next_id)
    VALUES ('process_run',1);

INSERT INTO jbilling_seqs (name,next_id)
    VALUES ('process_run_total',1);

INSERT INTO jbilling_seqs (name,next_id)
    VALUES ('paper_invoice_batch',1);

INSERT INTO jbilling_seqs (name,next_id)
    VALUES ('preference',1);

INSERT INTO jbilling_seqs (name,next_id)
    VALUES ('notification_message',1);

INSERT INTO jbilling_seqs (name,next_id)
    VALUES ('notification_message_section',1);

INSERT INTO jbilling_seqs (name,next_id)
    VALUES ('notification_message_line',1);

INSERT INTO jbilling_seqs (name,next_id)
    VALUES ('ageing_entity_step',1);

INSERT INTO jbilling_seqs (name,next_id)
    VALUES ('item_type',1);

INSERT INTO jbilling_seqs (name,next_id)
    VALUES ('item',1);

INSERT INTO jbilling_seqs (name,next_id)
    VALUES ('event_log',1);

INSERT INTO jbilling_seqs (name,next_id)
    VALUES ('purchase_order',1);

INSERT INTO jbilling_seqs (name,next_id)
    VALUES ('order_line',1);

INSERT INTO jbilling_seqs (name,next_id)
    VALUES ('invoice',1);

INSERT INTO jbilling_seqs (name,next_id)
    VALUES ('invoice_line',1);

INSERT INTO jbilling_seqs (name,next_id)
    VALUES ('order_process',1);

INSERT INTO jbilling_seqs (name,next_id)
    VALUES ('payment',1);

INSERT INTO jbilling_seqs (name,next_id)
    VALUES ('notification_message_arch',1);

INSERT INTO jbilling_seqs (name,next_id)
    VALUES ('notification_message_arch_line',1);

INSERT INTO jbilling_seqs (name,next_id)
    VALUES ('base_user',1);

INSERT INTO jbilling_seqs (name,next_id)
    VALUES ('customer',1);

INSERT INTO jbilling_seqs (name,next_id)
    VALUES ('contact',1);

INSERT INTO jbilling_seqs (name,next_id)
    VALUES ('contact_field',1);

INSERT INTO jbilling_seqs (name,next_id)
    VALUES ('credit_card',1);

INSERT INTO jbilling_seqs (name,next_id)
    VALUES ('language',2);

INSERT INTO jbilling_seqs (name,next_id)
    VALUES ('payment_invoice',1);

INSERT INTO jbilling_seqs (name,next_id)
    VALUES ('subscriber_status',7);

INSERT INTO jbilling_seqs (name,next_id)
    VALUES ('mediation_cfg',1);

INSERT INTO jbilling_seqs (name,next_id)
    VALUES ('mediation_process',1);

INSERT INTO jbilling_seqs (name,next_id)
    VALUES ('blacklist',1);

INSERT INTO jbilling_seqs (name,next_id)
    VALUES ('mediation_record_line',1);

INSERT INTO jbilling_seqs (name,next_id)
    VALUES ('generic_status',26);

INSERT INTO jbilling_seqs (name,next_id)
    VALUES ('order_line_provisioning_status',1);

INSERT INTO jbilling_seqs (name,next_id)
    VALUES ('balance_type',0);

INSERT INTO jbilling_seqs (name,next_id)
    VALUES ('mediation_record',0);

INSERT INTO jbilling_seqs (name,next_id)
    VALUES ('filter',0);

INSERT INTO jbilling_seqs (name,next_id)
    VALUES ('filter_set',0);

INSERT INTO jbilling_seqs (name,next_id)
    VALUES ('recent_item',0);

INSERT INTO jbilling_seqs (name,next_id)
    VALUES ('breadcrumb',0);

INSERT INTO jbilling_seqs (name,next_id)
    VALUES ('shortcut',0);

INSERT INTO jbilling_seqs (name,next_id)
    VALUES ('report',0);

INSERT INTO jbilling_seqs (name,next_id)
    VALUES ('report_type',0);

INSERT INTO jbilling_seqs (name,next_id)
    VALUES ('report_parameter',0);

INSERT INTO language (id,code,description)
    VALUES (1,'en','English');

INSERT INTO language (id,code,description)
    VALUES (2,'pt','Portugus');

INSERT INTO notification_category (id)
    VALUES (1);

INSERT INTO notification_category (id)
    VALUES (2);

INSERT INTO notification_category (id)
    VALUES (3);

INSERT INTO notification_category (id)
    VALUES (4);

INSERT INTO notification_message_type (id,category_id,OPTLOCK)
    VALUES (1,1,1);

INSERT INTO notification_message_type (id,category_id,OPTLOCK)
    VALUES (2,4,1);

INSERT INTO notification_message_type (id,category_id,OPTLOCK)
    VALUES (3,4,1);

INSERT INTO notification_message_type (id,category_id,OPTLOCK)
    VALUES (4,4,1);

INSERT INTO notification_message_type (id,category_id,OPTLOCK)
    VALUES (5,4,1);

INSERT INTO notification_message_type (id,category_id,OPTLOCK)
    VALUES (6,4,1);

INSERT INTO notification_message_type (id,category_id,OPTLOCK)
    VALUES (7,4,1);

INSERT INTO notification_message_type (id,category_id,OPTLOCK)
    VALUES (8,4,1);

INSERT INTO notification_message_type (id,category_id,OPTLOCK)
    VALUES (9,4,1);

INSERT INTO notification_message_type (id,category_id,OPTLOCK)
    VALUES (10,3,1);

INSERT INTO notification_message_type (id,category_id,OPTLOCK)
    VALUES (11,3,1);

INSERT INTO notification_message_type (id,category_id,OPTLOCK)
    VALUES (12,1,1);

INSERT INTO notification_message_type (id,category_id,OPTLOCK)
    VALUES (13,2,1);

INSERT INTO notification_message_type (id,category_id,OPTLOCK)
    VALUES (14,2,1);

INSERT INTO notification_message_type (id,category_id,OPTLOCK)
    VALUES (15,2,1);

INSERT INTO notification_message_type (id,category_id,OPTLOCK)
    VALUES (16,3,1);

INSERT INTO notification_message_type (id,category_id,OPTLOCK)
    VALUES (17,3,1);

INSERT INTO notification_message_type (id,category_id,OPTLOCK)
    VALUES (18,1,1);

INSERT INTO notification_message_type (id,category_id,OPTLOCK)
    VALUES (19,4,1);

INSERT INTO notification_message_type (id,category_id,OPTLOCK)
    VALUES (20,4,1);

INSERT INTO order_billing_type (id)
    VALUES (1);

INSERT INTO order_billing_type (id)
    VALUES (2);

INSERT INTO order_line_type (id,editable)
    VALUES (1,1);

INSERT INTO order_line_type (id,editable)
    VALUES (2,0);

INSERT INTO order_line_type (id,editable)
    VALUES (3,0);

INSERT INTO order_period (id,OPTLOCK)
    VALUES (1,1);

INSERT INTO payment_method (id)
    VALUES (1);

INSERT INTO payment_method (id)
    VALUES (2);

INSERT INTO payment_method (id)
    VALUES (3);

INSERT INTO payment_method (id)
    VALUES (4);

INSERT INTO payment_method (id)
    VALUES (5);

INSERT INTO payment_method (id)
    VALUES (6);

INSERT INTO payment_method (id)
    VALUES (7);

INSERT INTO payment_method (id)
    VALUES (8);

INSERT INTO payment_method (id)
    VALUES (9);

INSERT INTO payment_result (id)
    VALUES (1);

INSERT INTO payment_result (id)
    VALUES (2);

INSERT INTO payment_result (id)
    VALUES (3);

INSERT INTO payment_result (id)
    VALUES (4);

INSERT INTO period_unit (id)
    VALUES (1);

INSERT INTO period_unit (id)
    VALUES (2);

INSERT INTO period_unit (id)
    VALUES (3);

INSERT INTO period_unit (id)
    VALUES (4);

INSERT INTO permission_type (id,description)
    VALUES (1,'Customer');

INSERT INTO permission_type (id,description)
    VALUES (2,'Order');

INSERT INTO permission_type (id,description)
    VALUES (3,'Payment');

INSERT INTO permission_type (id,description)
    VALUES (4,'Product');

INSERT INTO permission_type (id,description)
    VALUES (5,'Product Category');

INSERT INTO permission_type (id,description)
    VALUES (6,'Plan');

INSERT INTO permission_type (id,description)
    VALUES (7,'Invoice');

INSERT INTO permission_type (id,description)
    VALUES (8,'Billing');

INSERT INTO permission_type (id,description)
    VALUES (9,'Menu');

INSERT INTO permission_type (id,description)
    VALUES (10,'API');

INSERT INTO permission (id,type_id)
    VALUES (10,1);

INSERT INTO permission (id,type_id)
    VALUES (11,1);

INSERT INTO permission (id,type_id)
    VALUES (12,1);

INSERT INTO permission (id,type_id)
    VALUES (13,1);

INSERT INTO permission (id,type_id)
    VALUES (14,1);

INSERT INTO permission (id,type_id)
    VALUES (15,1);

INSERT INTO permission (id,type_id)
    VALUES (16,1);

INSERT INTO permission (id,type_id)
    VALUES (20,2);

INSERT INTO permission (id,type_id)
    VALUES (21,2);

INSERT INTO permission (id,type_id)
    VALUES (22,2);

INSERT INTO permission (id,type_id)
    VALUES (23,2);

INSERT INTO permission (id,type_id)
    VALUES (24,2);

INSERT INTO permission (id,type_id)
    VALUES (25,2);

INSERT INTO permission (id,type_id)
    VALUES (26,2);

INSERT INTO permission (id,type_id)
    VALUES (27,2);

INSERT INTO permission (id,type_id)
    VALUES (28,2);

INSERT INTO permission (id,type_id)
    VALUES (30,3);

INSERT INTO permission (id,type_id)
    VALUES (31,3);

INSERT INTO permission (id,type_id)
    VALUES (32,3);

INSERT INTO permission (id,type_id)
    VALUES (33,3);

INSERT INTO permission (id,type_id)
    VALUES (34,3);

INSERT INTO permission (id,type_id)
    VALUES (35,3);

INSERT INTO permission (id,type_id)
    VALUES (36,3);

INSERT INTO permission (id,type_id)
    VALUES (40,4);

INSERT INTO permission (id,type_id)
    VALUES (41,4);

INSERT INTO permission (id,type_id)
    VALUES (42,4);

INSERT INTO permission (id,type_id)
    VALUES (43,4);

INSERT INTO permission (id,type_id)
    VALUES (44,4);

INSERT INTO permission (id,type_id)
    VALUES (50,5);

INSERT INTO permission (id,type_id)
    VALUES (51,5);

INSERT INTO permission (id,type_id)
    VALUES (52,5);

INSERT INTO permission (id,type_id)
    VALUES (60,6);

INSERT INTO permission (id,type_id)
    VALUES (61,6);

INSERT INTO permission (id,type_id)
    VALUES (62,6);

INSERT INTO permission (id,type_id)
    VALUES (63,6);

INSERT INTO permission (id,type_id)
    VALUES (70,7);

INSERT INTO permission (id,type_id)
    VALUES (71,7);

INSERT INTO permission (id,type_id)
    VALUES (72,7);

INSERT INTO permission (id,type_id)
    VALUES (73,7);

INSERT INTO permission (id,type_id)
    VALUES (74,7);

INSERT INTO permission (id,type_id)
    VALUES (80,8);

INSERT INTO permission (id,type_id)
    VALUES (90,9);

INSERT INTO permission (id,type_id)
    VALUES (91,9);

INSERT INTO permission (id,type_id)
    VALUES (92,9);

INSERT INTO permission (id,type_id)
    VALUES (93,9);

INSERT INTO permission (id,type_id)
    VALUES (94,9);

INSERT INTO permission (id,type_id)
    VALUES (95,9);

INSERT INTO permission (id,type_id)
    VALUES (96,9);

INSERT INTO permission (id,type_id)
    VALUES (97,9);

INSERT INTO permission (id,type_id)
    VALUES (98,9);

INSERT INTO permission (id,type_id)
    VALUES (99,9);

INSERT INTO permission (id,type_id)
    VALUES (120,10);

INSERT INTO permission_role_map (permission_id,role_id)
    VALUES (10,2);

INSERT INTO permission_role_map (permission_id,role_id)
    VALUES (11,2);

INSERT INTO permission_role_map (permission_id,role_id)
    VALUES (12,2);

INSERT INTO permission_role_map (permission_id,role_id)
    VALUES (13,2);

INSERT INTO permission_role_map (permission_id,role_id)
    VALUES (14,2);

INSERT INTO permission_role_map (permission_id,role_id)
    VALUES (15,2);

INSERT INTO permission_role_map (permission_id,role_id)
    VALUES (16,2);

INSERT INTO permission_role_map (permission_id,role_id)
    VALUES (20,2);

INSERT INTO permission_role_map (permission_id,role_id)
    VALUES (21,2);

INSERT INTO permission_role_map (permission_id,role_id)
    VALUES (22,2);

INSERT INTO permission_role_map (permission_id,role_id)
    VALUES (23,2);

INSERT INTO permission_role_map (permission_id,role_id)
    VALUES (24,2);

INSERT INTO permission_role_map (permission_id,role_id)
    VALUES (25,2);

INSERT INTO permission_role_map (permission_id,role_id)
    VALUES (26,2);

INSERT INTO permission_role_map (permission_id,role_id)
    VALUES (27,2);

INSERT INTO permission_role_map (permission_id,role_id)
    VALUES (28,2);

INSERT INTO permission_role_map (permission_id,role_id)
    VALUES (30,2);

INSERT INTO permission_role_map (permission_id,role_id)
    VALUES (31,2);

INSERT INTO permission_role_map (permission_id,role_id)
    VALUES (32,2);

INSERT INTO permission_role_map (permission_id,role_id)
    VALUES (33,2);

INSERT INTO permission_role_map (permission_id,role_id)
    VALUES (34,2);

INSERT INTO permission_role_map (permission_id,role_id)
    VALUES (35,2);

INSERT INTO permission_role_map (permission_id,role_id)
    VALUES (36,2);

INSERT INTO permission_role_map (permission_id,role_id)
    VALUES (40,2);

INSERT INTO permission_role_map (permission_id,role_id)
    VALUES (41,2);

INSERT INTO permission_role_map (permission_id,role_id)
    VALUES (42,2);

INSERT INTO permission_role_map (permission_id,role_id)
    VALUES (43,2);

INSERT INTO permission_role_map (permission_id,role_id)
    VALUES (44,2);

INSERT INTO permission_role_map (permission_id,role_id)
    VALUES (50,2);

INSERT INTO permission_role_map (permission_id,role_id)
    VALUES (51,2);

INSERT INTO permission_role_map (permission_id,role_id)
    VALUES (52,2);

INSERT INTO permission_role_map (permission_id,role_id)
    VALUES (60,2);

INSERT INTO permission_role_map (permission_id,role_id)
    VALUES (61,2);

INSERT INTO permission_role_map (permission_id,role_id)
    VALUES (62,2);

INSERT INTO permission_role_map (permission_id,role_id)
    VALUES (63,2);

INSERT INTO permission_role_map (permission_id,role_id)
    VALUES (70,2);

INSERT INTO permission_role_map (permission_id,role_id)
    VALUES (71,2);

INSERT INTO permission_role_map (permission_id,role_id)
    VALUES (72,2);

INSERT INTO permission_role_map (permission_id,role_id)
    VALUES (73,2);

INSERT INTO permission_role_map (permission_id,role_id)
    VALUES (74,2);

INSERT INTO permission_role_map (permission_id,role_id)
    VALUES (80,2);

INSERT INTO permission_role_map (permission_id,role_id)
    VALUES (90,2);

INSERT INTO permission_role_map (permission_id,role_id)
    VALUES (91,2);

INSERT INTO permission_role_map (permission_id,role_id)
    VALUES (92,2);

INSERT INTO permission_role_map (permission_id,role_id)
    VALUES (93,2);

INSERT INTO permission_role_map (permission_id,role_id)
    VALUES (94,2);

INSERT INTO permission_role_map (permission_id,role_id)
    VALUES (95,2);

INSERT INTO permission_role_map (permission_id,role_id)
    VALUES (96,2);

INSERT INTO permission_role_map (permission_id,role_id)
    VALUES (97,2);

INSERT INTO permission_role_map (permission_id,role_id)
    VALUES (98,2);

INSERT INTO permission_role_map (permission_id,role_id)
    VALUES (99,2);

INSERT INTO permission_role_map (permission_id,role_id)
    VALUES (120,2);

INSERT INTO permission_role_map (permission_id,role_id)
    VALUES (10,3);

INSERT INTO permission_role_map (permission_id,role_id)
    VALUES (11,3);

INSERT INTO permission_role_map (permission_id,role_id)
    VALUES (12,3);

INSERT INTO permission_role_map (permission_id,role_id)
    VALUES (13,3);

INSERT INTO permission_role_map (permission_id,role_id)
    VALUES (14,3);

INSERT INTO permission_role_map (permission_id,role_id)
    VALUES (15,3);

INSERT INTO permission_role_map (permission_id,role_id)
    VALUES (20,3);

INSERT INTO permission_role_map (permission_id,role_id)
    VALUES (21,3);

INSERT INTO permission_role_map (permission_id,role_id)
    VALUES (22,3);

INSERT INTO permission_role_map (permission_id,role_id)
    VALUES (23,3);

INSERT INTO permission_role_map (permission_id,role_id)
    VALUES (24,3);

INSERT INTO permission_role_map (permission_id,role_id)
    VALUES (28,3);

INSERT INTO permission_role_map (permission_id,role_id)
    VALUES (30,3);

INSERT INTO permission_role_map (permission_id,role_id)
    VALUES (31,3);

INSERT INTO permission_role_map (permission_id,role_id)
    VALUES (32,3);

INSERT INTO permission_role_map (permission_id,role_id)
    VALUES (33,3);

INSERT INTO permission_role_map (permission_id,role_id)
    VALUES (34,3);

INSERT INTO permission_role_map (permission_id,role_id)
    VALUES (36,3);

INSERT INTO permission_role_map (permission_id,role_id)
    VALUES (40,3);

INSERT INTO permission_role_map (permission_id,role_id)
    VALUES (41,3);

INSERT INTO permission_role_map (permission_id,role_id)
    VALUES (42,3);

INSERT INTO permission_role_map (permission_id,role_id)
    VALUES (43,3);

INSERT INTO permission_role_map (permission_id,role_id)
    VALUES (50,3);

INSERT INTO permission_role_map (permission_id,role_id)
    VALUES (51,3);

INSERT INTO permission_role_map (permission_id,role_id)
    VALUES (52,3);

INSERT INTO permission_role_map (permission_id,role_id)
    VALUES (60,3);

INSERT INTO permission_role_map (permission_id,role_id)
    VALUES (61,3);

INSERT INTO permission_role_map (permission_id,role_id)
    VALUES (62,3);

INSERT INTO permission_role_map (permission_id,role_id)
    VALUES (63,3);

INSERT INTO permission_role_map (permission_id,role_id)
    VALUES (70,3);

INSERT INTO permission_role_map (permission_id,role_id)
    VALUES (71,3);

INSERT INTO permission_role_map (permission_id,role_id)
    VALUES (72,3);

INSERT INTO permission_role_map (permission_id,role_id)
    VALUES (74,3);

INSERT INTO permission_role_map (permission_id,role_id)
    VALUES (90,3);

INSERT INTO permission_role_map (permission_id,role_id)
    VALUES (91,3);

INSERT INTO permission_role_map (permission_id,role_id)
    VALUES (92,3);

INSERT INTO permission_role_map (permission_id,role_id)
    VALUES (93,3);

INSERT INTO permission_role_map (permission_id,role_id)
    VALUES (94,3);

INSERT INTO permission_role_map (permission_id,role_id)
    VALUES (95,3);

INSERT INTO permission_role_map (permission_id,role_id)
    VALUES (96,3);

INSERT INTO permission_role_map (permission_id,role_id)
    VALUES (97,3);

INSERT INTO permission_role_map (permission_id,role_id)
    VALUES (98,3);

INSERT INTO permission_role_map (permission_id,role_id)
    VALUES (24,5);

INSERT INTO permission_role_map (permission_id,role_id)
    VALUES (30,5);

INSERT INTO permission_role_map (permission_id,role_id)
    VALUES (34,5);

INSERT INTO permission_role_map (permission_id,role_id)
    VALUES (72,5);

INSERT INTO permission_role_map (permission_id,role_id)
    VALUES (91,5);

INSERT INTO permission_role_map (permission_id,role_id)
    VALUES (92,5);

INSERT INTO permission_role_map (permission_id,role_id)
    VALUES (93,5);

INSERT INTO pluggable_task_type (id,category_id,class_name,min_parameters)
    VALUES (1,1,'com.sapienter.jbilling.server.pluggableTask.BasicLineTotalTask',0);

INSERT INTO pluggable_task_type (id,category_id,class_name,min_parameters)
    VALUES (13,4,'com.sapienter.jbilling.server.pluggableTask.CalculateDueDateDfFm',0);

INSERT INTO pluggable_task_type (id,category_id,class_name,min_parameters)
    VALUES (3,4,'com.sapienter.jbilling.server.pluggableTask.CalculateDueDate',0);

INSERT INTO pluggable_task_type (id,category_id,class_name,min_parameters)
    VALUES (4,4,'com.sapienter.jbilling.server.pluggableTask.BasicCompositionTask',0);

INSERT INTO pluggable_task_type (id,category_id,class_name,min_parameters)
    VALUES (5,2,'com.sapienter.jbilling.server.pluggableTask.BasicOrderFilterTask',0);

INSERT INTO pluggable_task_type (id,category_id,class_name,min_parameters)
    VALUES (6,3,'com.sapienter.jbilling.server.pluggableTask.BasicInvoiceFilterTask',0);

INSERT INTO pluggable_task_type (id,category_id,class_name,min_parameters)
    VALUES (7,5,'com.sapienter.jbilling.server.pluggableTask.BasicOrderPeriodTask',0);

INSERT INTO pluggable_task_type (id,category_id,class_name,min_parameters)
    VALUES (8,6,'com.sapienter.jbilling.server.pluggableTask.PaymentAuthorizeNetTask',2);

INSERT INTO pluggable_task_type (id,category_id,class_name,min_parameters)
    VALUES (14,3,'com.sapienter.jbilling.server.pluggableTask.NoInvoiceFilterTask',0);

INSERT INTO pluggable_task_type (id,category_id,class_name,min_parameters)
    VALUES (10,8,'com.sapienter.jbilling.server.pluggableTask.BasicPaymentInfoTask',0);

INSERT INTO pluggable_task_type (id,category_id,class_name,min_parameters)
    VALUES (11,6,'com.sapienter.jbilling.server.pluggableTask.PaymentPartnerTestTask',0);

INSERT INTO pluggable_task_type (id,category_id,class_name,min_parameters)
    VALUES (12,7,'com.sapienter.jbilling.server.pluggableTask.PaperInvoiceNotificationTask',1);

INSERT INTO pluggable_task_type (id,category_id,class_name,min_parameters)
    VALUES (2,1,'com.sapienter.jbilling.server.pluggableTask.GSTTaxTask',2);

INSERT INTO pluggable_task_type (id,category_id,class_name,min_parameters)
    VALUES (15,9,'com.sapienter.jbilling.server.pluggableTask.BasicPenaltyTask',1);

INSERT INTO pluggable_task_type (id,category_id,class_name,min_parameters)
    VALUES (16,2,'com.sapienter.jbilling.server.pluggableTask.OrderFilterAnticipatedTask',0);

INSERT INTO pluggable_task_type (id,category_id,class_name,min_parameters)
    VALUES (9,7,'com.sapienter.jbilling.server.pluggableTask.BasicEmailNotificationTask',6);

INSERT INTO pluggable_task_type (id,category_id,class_name,min_parameters)
    VALUES (17,5,'com.sapienter.jbilling.server.pluggableTask.OrderPeriodAnticipateTask',0);

INSERT INTO pluggable_task_type (id,category_id,class_name,min_parameters)
    VALUES (19,6,'com.sapienter.jbilling.server.pluggableTask.PaymentEmailAuthorizeNetTask',1);

INSERT INTO pluggable_task_type (id,category_id,class_name,min_parameters)
    VALUES (20,10,'com.sapienter.jbilling.server.pluggableTask.ProcessorEmailAlarmTask',3);

INSERT INTO pluggable_task_type (id,category_id,class_name,min_parameters)
    VALUES (21,6,'com.sapienter.jbilling.server.pluggableTask.PaymentFakeTask',0);

INSERT INTO pluggable_task_type (id,category_id,class_name,min_parameters)
    VALUES (22,6,'com.sapienter.jbilling.server.payment.tasks.PaymentRouterCCFTask',2);

INSERT INTO pluggable_task_type (id,category_id,class_name,min_parameters)
    VALUES (23,11,'com.sapienter.jbilling.server.user.tasks.BasicSubscriptionStatusManagerTask',0);

INSERT INTO pluggable_task_type (id,category_id,class_name,min_parameters)
    VALUES (24,6,'com.sapienter.jbilling.server.user.tasks.PaymentACHCommerceTask',5);

INSERT INTO pluggable_task_type (id,category_id,class_name,min_parameters)
    VALUES (25,12,'com.sapienter.jbilling.server.payment.tasks.NoAsyncParameters',0);

INSERT INTO pluggable_task_type (id,category_id,class_name,min_parameters)
    VALUES (26,12,'com.sapienter.jbilling.server.payment.tasks.RouterAsyncParameters',0);

INSERT INTO pluggable_task_type (id,category_id,class_name,min_parameters)
    VALUES (28,13,'com.sapienter.jbilling.server.item.tasks.BasicItemManager',0);

INSERT INTO pluggable_task_type (id,category_id,class_name,min_parameters)
    VALUES (29,13,'com.sapienter.jbilling.server.item.tasks.RulesItemManager',0);

INSERT INTO pluggable_task_type (id,category_id,class_name,min_parameters)
    VALUES (30,1,'com.sapienter.jbilling.server.order.task.RulesLineTotalTask',0);

INSERT INTO pluggable_task_type (id,category_id,class_name,min_parameters)
    VALUES (31,14,'com.sapienter.jbilling.server.item.tasks.RulesPricingTask',0);

INSERT INTO pluggable_task_type (id,category_id,class_name,min_parameters)
    VALUES (32,15,'com.sapienter.jbilling.server.mediation.task.SeparatorFileReader',2);

INSERT INTO pluggable_task_type (id,category_id,class_name,min_parameters)
    VALUES (33,16,'com.sapienter.jbilling.server.mediation.task.RulesMediationTask',0);

INSERT INTO pluggable_task_type (id,category_id,class_name,min_parameters)
    VALUES (34,15,'com.sapienter.jbilling.server.mediation.task.FixedFileReader',2);

INSERT INTO pluggable_task_type (id,category_id,class_name,min_parameters)
    VALUES (35,8,'com.sapienter.jbilling.server.user.tasks.PaymentInfoNoValidateTask',0);

INSERT INTO pluggable_task_type (id,category_id,class_name,min_parameters)
    VALUES (36,7,'com.sapienter.jbilling.server.notification.task.TestNotificationTask',0);

INSERT INTO pluggable_task_type (id,category_id,class_name,min_parameters)
    VALUES (37,5,'com.sapienter.jbilling.server.process.task.ProRateOrderPeriodTask',0);

INSERT INTO pluggable_task_type (id,category_id,class_name,min_parameters)
    VALUES (38,4,'com.sapienter.jbilling.server.process.task.DailyProRateCompositionTask',0);

INSERT INTO pluggable_task_type (id,category_id,class_name,min_parameters)
    VALUES (39,6,'com.sapienter.jbilling.server.payment.tasks.PaymentAtlasTask',5);

INSERT INTO pluggable_task_type (id,category_id,class_name,min_parameters)
    VALUES (40,17,'com.sapienter.jbilling.server.order.task.RefundOnCancelTask',0);

INSERT INTO pluggable_task_type (id,category_id,class_name,min_parameters)
    VALUES (41,17,'com.sapienter.jbilling.server.order.task.CancellationFeeRulesTask',1);

INSERT INTO pluggable_task_type (id,category_id,class_name,min_parameters)
    VALUES (42,6,'com.sapienter.jbilling.server.payment.tasks.PaymentFilterTask',0);

INSERT INTO pluggable_task_type (id,category_id,class_name,min_parameters)
    VALUES (43,17,'com.sapienter.jbilling.server.payment.blacklist.tasks.BlacklistUserStatusTask',0);

INSERT INTO pluggable_task_type (id,category_id,class_name,min_parameters)
    VALUES (44,15,'com.sapienter.jbilling.server.mediation.task.JDBCReader',0);

INSERT INTO pluggable_task_type (id,category_id,class_name,min_parameters)
    VALUES (45,15,'com.sapienter.jbilling.server.mediation.task.MySQLReader',0);

INSERT INTO pluggable_task_type (id,category_id,class_name,min_parameters)
    VALUES (46,17,'com.sapienter.jbilling.server.provisioning.task.ProvisioningCommandsRulesTask',0);

INSERT INTO pluggable_task_type (id,category_id,class_name,min_parameters)
    VALUES (47,18,'com.sapienter.jbilling.server.provisioning.task.TestExternalProvisioningTask',0);

INSERT INTO pluggable_task_type (id,category_id,class_name,min_parameters)
    VALUES (48,18,'com.sapienter.jbilling.server.provisioning.task.CAIProvisioningTask',2);

INSERT INTO pluggable_task_type (id,category_id,class_name,min_parameters)
    VALUES (49,6,'com.sapienter.jbilling.server.payment.tasks.PaymentRouterCurrencyTask',2);

INSERT INTO pluggable_task_type (id,category_id,class_name,min_parameters)
    VALUES (50,18,'com.sapienter.jbilling.server.provisioning.task.MMSCProvisioningTask',5);

INSERT INTO pluggable_task_type (id,category_id,class_name,min_parameters)
    VALUES (51,3,'com.sapienter.jbilling.server.invoice.task.NegativeBalanceInvoiceFilterTask',0);

INSERT INTO pluggable_task_type (id,category_id,class_name,min_parameters)
    VALUES (52,17,'com.sapienter.jbilling.server.invoice.task.FileInvoiceExportTask',1);

INSERT INTO pluggable_task_type (id,category_id,class_name,min_parameters)
    VALUES (53,17,'com.sapienter.jbilling.server.system.event.task.InternalEventsRulesTask',0);

INSERT INTO pluggable_task_type (id,category_id,class_name,min_parameters)
    VALUES (54,17,'com.sapienter.jbilling.server.user.balance.DynamicBalanceManagerTask',0);

INSERT INTO pluggable_task_type (id,category_id,class_name,min_parameters)
    VALUES (55,19,'com.sapienter.jbilling.server.user.tasks.UserBalanceValidatePurchaseTask',0);

INSERT INTO pluggable_task_type (id,category_id,class_name,min_parameters)
    VALUES (56,19,'com.sapienter.jbilling.server.user.tasks.RulesValidatePurchaseTask',0);

INSERT INTO pluggable_task_type (id,category_id,class_name,min_parameters)
    VALUES (57,6,'com.sapienter.jbilling.server.payment.tasks.PaymentsGatewayTask',4);

INSERT INTO pluggable_task_type (id,category_id,class_name,min_parameters)
    VALUES (58,17,'com.sapienter.jbilling.server.payment.tasks.SaveCreditCardExternallyTask',1);

INSERT INTO pluggable_task_type (id,category_id,class_name,min_parameters)
    VALUES (59,13,'com.sapienter.jbilling.server.order.task.RulesItemManager2',0);

INSERT INTO pluggable_task_type (id,category_id,class_name,min_parameters)
    VALUES (60,1,'com.sapienter.jbilling.server.order.task.RulesLineTotalTask2',0);

INSERT INTO pluggable_task_type (id,category_id,class_name,min_parameters)
    VALUES (61,14,'com.sapienter.jbilling.server.item.tasks.RulesPricingTask2',0);

INSERT INTO pluggable_task_type (id,category_id,class_name,min_parameters)
    VALUES (62,17,'com.sapienter.jbilling.server.payment.tasks.SaveCreditCardExternallyTask',1);

INSERT INTO pluggable_task_type (id,category_id,class_name,min_parameters)
    VALUES (63,6,'com.sapienter.jbilling.server.pluggableTask.PaymentFakeExternalStorage',0);

INSERT INTO pluggable_task_type (id,category_id,class_name,min_parameters)
    VALUES (64,6,'com.sapienter.jbilling.server.payment.tasks.PaymentWorldPayTask',3);

INSERT INTO pluggable_task_type (id,category_id,class_name,min_parameters)
    VALUES (65,6,'com.sapienter.jbilling.server.payment.tasks.PaymentWorldPayExternalTask',3);

INSERT INTO pluggable_task_type (id,category_id,class_name,min_parameters)
    VALUES (66,17,'com.sapienter.jbilling.server.user.tasks.AutoRechargeTask',0);

INSERT INTO pluggable_task_type (id,category_id,class_name,min_parameters)
    VALUES (67,6,'com.sapienter.jbilling.server.payment.tasks.PaymentBeanstreamTask',3);

INSERT INTO pluggable_task_type (id,category_id,class_name,min_parameters)
    VALUES (68,6,'com.sapienter.jbilling.server.payment.tasks.PaymentSageTask',2);

INSERT INTO pluggable_task_type (id,category_id,class_name,min_parameters)
    VALUES (69,20,'com.sapienter.jbilling.server.process.task.BasicBillingProcessFilterTask',0);

INSERT INTO pluggable_task_type (id,category_id,class_name,min_parameters)
    VALUES (70,20,'com.sapienter.jbilling.server.process.task.BillableUsersBillingProcessFilterTask',0);

INSERT INTO pluggable_task_type (id,category_id,class_name,min_parameters)
    VALUES (71,21,'com.sapienter.jbilling.server.mediation.task.SaveToFileMediationErrorHandler',0);

INSERT INTO pluggable_task_type (id,category_id,class_name,min_parameters)
    VALUES (73,21,'com.sapienter.jbilling.server.mediation.task.SaveToJDBCMediationErrorHandler',1);

INSERT INTO pluggable_task_type (id,category_id,class_name,min_parameters)
    VALUES (75,6,'com.sapienter.jbilling.server.payment.tasks.PaymentPaypalExternalTask',3);

INSERT INTO pluggable_task_type (id,category_id,class_name,min_parameters)
    VALUES (76,6,'com.sapienter.jbilling.server.payment.tasks.PaymentAuthorizeNetCIMTask',2);

INSERT INTO pluggable_task_type (id,category_id,class_name,min_parameters)
    VALUES (77,6,'com.sapienter.jbilling.server.payment.tasks.PaymentMethodRouterTask',4);

INSERT INTO pluggable_task_type (id,category_id,class_name,min_parameters)
    VALUES (78,23,'com.sapienter.jbilling.server.rule.task.VelocityRulesGeneratorTask',2);

INSERT INTO pluggable_task_type (id,category_id,class_name,min_parameters)
    VALUES (81,22,'com.sapienter.jbilling.server.mediation.task.MediationProcessTask',0);

INSERT INTO pluggable_task_type (id,category_id,class_name,min_parameters)
    VALUES (82,22,'com.sapienter.jbilling.server.billing.task.BillingProcessTask',0);

INSERT INTO pluggable_task_type (id,category_id,class_name,min_parameters)
    VALUES (83,22,'com.sapienter.jbilling.server.process.task.ScpUploadTask',4);

INSERT INTO pluggable_task_type (id,category_id,class_name,min_parameters)
    VALUES (84,17,'com.sapienter.jbilling.server.payment.tasks.SaveACHExternallyTask',1);

INSERT INTO pluggable_task_type (id,category_id,class_name,min_parameters)
    VALUES (85,20,'com.sapienter.jbilling.server.process.task.BillableUserOrdersBillingProcessFilterTask',0);

INSERT INTO pluggable_task_type (id,category_id,class_name,min_parameters)
    VALUES (87,24,'com.sapienter.jbilling.server.process.task.BasicAgeingTask',0);

INSERT INTO pluggable_task_type (id,category_id,class_name,min_parameters)
    VALUES (88,22,'com.sapienter.jbilling.server.process.task.AgeingProcessTask',0);

INSERT INTO pluggable_task_type (id,category_id,class_name,min_parameters)
    VALUES (89,24,'com.sapienter.jbilling.server.process.task.BusinessDayAgeingTask',0);

INSERT INTO pluggable_task_type (id,category_id,class_name,min_parameters)
    VALUES (90,4,'com.sapienter.jbilling.server.process.task.SimpleTaxCompositionTask',1);

INSERT INTO pluggable_task_type_category (id,interface_name)
    VALUES (1,'com.sapienter.jbilling.server.pluggableTask.OrderProcessingTask');

INSERT INTO pluggable_task_type_category (id,interface_name)
    VALUES (2,'com.sapienter.jbilling.server.pluggableTask.OrderFilterTask');

INSERT INTO pluggable_task_type_category (id,interface_name)
    VALUES (3,'com.sapienter.jbilling.server.pluggableTask.InvoiceFilterTask');

INSERT INTO pluggable_task_type_category (id,interface_name)
    VALUES (4,'com.sapienter.jbilling.server.pluggableTask.InvoiceCompositionTask');

INSERT INTO pluggable_task_type_category (id,interface_name)
    VALUES (5,'com.sapienter.jbilling.server.pluggableTask.OrderPeriodTask');

INSERT INTO pluggable_task_type_category (id,interface_name)
    VALUES (6,'com.sapienter.jbilling.server.pluggableTask.PaymentTask');

INSERT INTO pluggable_task_type_category (id,interface_name)
    VALUES (7,'com.sapienter.jbilling.server.pluggableTask.NotificationTask');

INSERT INTO pluggable_task_type_category (id,interface_name)
    VALUES (8,'com.sapienter.jbilling.server.pluggableTask.PaymentInfoTask');

INSERT INTO pluggable_task_type_category (id,interface_name)
    VALUES (9,'com.sapienter.jbilling.server.pluggableTask.PenaltyTask');

INSERT INTO pluggable_task_type_category (id,interface_name)
    VALUES (10,'com.sapienter.jbilling.server.pluggableTask.ProcessorAlarm');

INSERT INTO pluggable_task_type_category (id,interface_name)
    VALUES (11,'com.sapienter.jbilling.server.user.tasks.ISubscriptionStatusManager');

INSERT INTO pluggable_task_type_category (id,interface_name)
    VALUES (12,'com.sapienter.jbilling.server.payment.tasks.IAsyncPaymentParameters');

INSERT INTO pluggable_task_type_category (id,interface_name)
    VALUES (13,'com.sapienter.jbilling.server.item.tasks.IItemPurchaseManager');

INSERT INTO pluggable_task_type_category (id,interface_name)
    VALUES (14,'com.sapienter.jbilling.server.item.tasks.IPricing');

INSERT INTO pluggable_task_type_category (id,interface_name)
    VALUES (15,'com.sapienter.jbilling.server.mediation.task.IMediationReader');

INSERT INTO pluggable_task_type_category (id,interface_name)
    VALUES (16,'com.sapienter.jbilling.server.mediation.task.IMediationProcess');

INSERT INTO pluggable_task_type_category (id,interface_name)
    VALUES (17,'com.sapienter.jbilling.server.system.event.task.IInternalEventsTask');

INSERT INTO pluggable_task_type_category (id,interface_name)
    VALUES (18,'com.sapienter.jbilling.server.provisioning.task.IExternalProvisioning');

INSERT INTO pluggable_task_type_category (id,interface_name)
    VALUES (19,'com.sapienter.jbilling.server.user.tasks.IValidatePurchaseTask');

INSERT INTO pluggable_task_type_category (id,interface_name)
    VALUES (20,'com.sapienter.jbilling.server.process.task.IBillingProcessFilterTask');

INSERT INTO pluggable_task_type_category (id,interface_name)
    VALUES (21,'com.sapienter.jbilling.server.mediation.task.IMediationErrorHandler');

INSERT INTO pluggable_task_type_category (id,interface_name)
    VALUES (22,'com.sapienter.jbilling.server.process.task.IScheduledTask');

INSERT INTO pluggable_task_type_category (id,interface_name)
    VALUES (23,'com.sapienter.jbilling.server.rule.task.IRulesGenerator');

INSERT INTO pluggable_task_type_category (id,interface_name)
    VALUES (24,'com.sapienter.jbilling.server.process.task.IAgeingTask');

INSERT INTO preference_type (id)
    VALUES (4);

INSERT INTO preference_type (id)
    VALUES (5);

INSERT INTO preference_type (id)
    VALUES (6);

INSERT INTO preference_type (id)
    VALUES (7);

INSERT INTO preference_type (id)
    VALUES (8);

INSERT INTO preference_type (id)
    VALUES (9);

INSERT INTO preference_type (id)
    VALUES (10);

INSERT INTO preference_type (id)
    VALUES (11);

INSERT INTO preference_type (id)
    VALUES (12);

INSERT INTO preference_type (id)
    VALUES (13);

INSERT INTO preference_type (id)
    VALUES (14);

INSERT INTO preference_type (id)
    VALUES (15);

INSERT INTO preference_type (id)
    VALUES (16);

INSERT INTO preference_type (id)
    VALUES (17);

INSERT INTO preference_type (id)
    VALUES (18);

INSERT INTO preference_type (id,def_value)
    VALUES (19,'1');

INSERT INTO preference_type (id,def_value)
    VALUES (20,'1');

INSERT INTO preference_type (id,def_value)
    VALUES (21,'0');

INSERT INTO preference_type (id)
    VALUES (22);

INSERT INTO preference_type (id)
    VALUES (23);

INSERT INTO preference_type (id,def_value)
    VALUES (24,'0');

INSERT INTO preference_type (id,def_value)
    VALUES (25,'0');

INSERT INTO preference_type (id,def_value)
    VALUES (27,'0');

INSERT INTO preference_type (id)
    VALUES (28);

INSERT INTO preference_type (id,def_value)
    VALUES (29,'https://www.paypal.com/en_US/i/btn/x-click-but6.gif');

INSERT INTO preference_type (id)
    VALUES (30);

INSERT INTO preference_type (id,def_value)
    VALUES (31,'2000-01-01');

INSERT INTO preference_type (id,def_value)
    VALUES (32,'0');

INSERT INTO preference_type (id,def_value)
    VALUES (33,'0');

INSERT INTO preference_type (id,def_value)
    VALUES (35,'0');

INSERT INTO preference_type (id,def_value)
    VALUES (36,'1');

INSERT INTO preference_type (id,def_value)
    VALUES (37,'0');

INSERT INTO preference_type (id,def_value)
    VALUES (38,'1');

INSERT INTO preference_type (id,def_value)
    VALUES (39,'0');

INSERT INTO preference_type (id,def_value)
    VALUES (40,'0');

INSERT INTO preference_type (id,def_value)
    VALUES (41,'0');

INSERT INTO preference_type (id,def_value)
    VALUES (42,'0');

INSERT INTO preference_type (id,def_value)
    VALUES (43,'0');

INSERT INTO preference_type (id,def_value)
    VALUES (44,'0');

INSERT INTO preference_type (id,def_value)
    VALUES (45,'0');

INSERT INTO preference_type (id,def_value)
    VALUES (46,'0');

INSERT INTO preference_type (id,def_value)
    VALUES (47,'0');

INSERT INTO preference_type (id,def_value)
    VALUES (48,'1');

INSERT INTO preference_type (id)
    VALUES (49);

INSERT INTO preference_type (id,def_value)
    VALUES (50,'2');

INSERT INTO report_type (id,name,OPTLOCK)
    VALUES (1,'invoice',0);

INSERT INTO report_type (id,name,OPTLOCK)
    VALUES (2,'order',0);

INSERT INTO report_type (id,name,OPTLOCK)
    VALUES (3,'payment',0);

INSERT INTO report_type (id,name,OPTLOCK)
    VALUES (4,'user',0);

INSERT INTO report (id,type_id,name,file_name,OPTLOCK)
    VALUES (1,1,'total_invoiced','total_invoiced.jasper',0);

INSERT INTO report_parameter (id,report_id,dtype,name)
    VALUES (1,1,'date','start_date');

INSERT INTO report_parameter (id,report_id,dtype,name)
    VALUES (2,1,'date','end_date');

INSERT INTO report_parameter (id,report_id,dtype,name)
    VALUES (3,1,'integer','period');

INSERT INTO report (id,type_id,name,file_name,OPTLOCK)
    VALUES (2,1,'ageing_balance','ageing_balance.jasper',0);

INSERT INTO report (id,type_id,name,file_name,OPTLOCK)
    VALUES (3,2,'product_subscribers','product_subscribers.jasper',0);

INSERT INTO report_parameter (id,report_id,dtype,name)
    VALUES (4,3,'integer','item_id');

INSERT INTO report (id,type_id,name,file_name,OPTLOCK)
    VALUES (4,3,'total_payments','total_payments.jasper',0);

INSERT INTO report_parameter (id,report_id,dtype,name)
    VALUES (5,4,'date','start_date');

INSERT INTO report_parameter (id,report_id,dtype,name)
    VALUES (6,4,'date','end_date');

INSERT INTO report_parameter (id,report_id,dtype,name)
    VALUES (7,4,'integer','period');

INSERT INTO report (id,type_id,name,file_name,OPTLOCK)
    VALUES (5,4,'user_signups','user_signups.jasper',0);

INSERT INTO report_parameter (id,report_id,dtype,name)
    VALUES (8,5,'date','start_date');

INSERT INTO report_parameter (id,report_id,dtype,name)
    VALUES (9,5,'date','end_date');

INSERT INTO report_parameter (id,report_id,dtype,name)
    VALUES (10,5,'integer','period');

INSERT INTO report (id,type_id,name,file_name,OPTLOCK)
    VALUES (6,4,'top_customers','top_customers.jasper',0);

INSERT INTO report_parameter (id,report_id,dtype,name)
    VALUES (11,6,'date','start_date');

INSERT INTO report_parameter (id,report_id,dtype,name)
    VALUES (12,6,'date','end_date');

INSERT INTO report (id,type_id,name,file_name,OPTLOCK)
    VALUES (7,1,'accounts_receivable','accounts_receivable.jasper',0);

INSERT INTO report (id,type_id,name,file_name,OPTLOCK)
    VALUES (8,1,'gl_detail','gl_detail.jasper',0);

INSERT INTO report_parameter (id,report_id,dtype,name)
    VALUES (13,8,'date','date');

INSERT INTO report (id,type_id,name,file_name,OPTLOCK)
    VALUES (9,1,'gl_summary','gl_summary.jasper',0);

INSERT INTO report_parameter (id,report_id,dtype,name)
    VALUES (14,9,'date','date');

INSERT INTO role (id)
    VALUES (2);

INSERT INTO role (id)
    VALUES (3);

INSERT INTO role (id)
    VALUES (5);

INSERT INTO generic_status_type (id)
    VALUES ('order_line_provisioning_status');

INSERT INTO generic_status_type (id)
    VALUES ('order_status');

INSERT INTO generic_status_type (id)
    VALUES ('subscriber_status');

INSERT INTO generic_status_type (id)
    VALUES ('user_status');

INSERT INTO generic_status_type (id)
    VALUES ('invoice_status');

INSERT INTO generic_status_type (id)
    VALUES ('mediation_record_status');

INSERT INTO generic_status_type (id)
    VALUES ('process_run_status');

INSERT INTO generic_status (id,dtype,status_value,can_login)
    VALUES (1,'user_status',1,1);

INSERT INTO generic_status (id,dtype,status_value,can_login)
    VALUES (2,'user_status',2,1);

INSERT INTO generic_status (id,dtype,status_value,can_login)
    VALUES (3,'user_status',3,1);

INSERT INTO generic_status (id,dtype,status_value,can_login)
    VALUES (4,'user_status',4,1);

INSERT INTO generic_status (id,dtype,status_value,can_login)
    VALUES (5,'user_status',5,0);

INSERT INTO generic_status (id,dtype,status_value,can_login)
    VALUES (6,'user_status',6,0);

INSERT INTO generic_status (id,dtype,status_value,can_login)
    VALUES (7,'user_status',7,0);

INSERT INTO generic_status (id,dtype,status_value,can_login)
    VALUES (8,'user_status',8,0);

INSERT INTO generic_status (id,dtype,status_value)
    VALUES (9,'subscriber_status',1);

INSERT INTO generic_status (id,dtype,status_value)
    VALUES (10,'subscriber_status',2);

INSERT INTO generic_status (id,dtype,status_value)
    VALUES (11,'subscriber_status',3);

INSERT INTO generic_status (id,dtype,status_value)
    VALUES (12,'subscriber_status',4);

INSERT INTO generic_status (id,dtype,status_value)
    VALUES (13,'subscriber_status',5);

INSERT INTO generic_status (id,dtype,status_value)
    VALUES (14,'subscriber_status',6);

INSERT INTO generic_status (id,dtype,status_value)
    VALUES (15,'subscriber_status',7);

INSERT INTO generic_status (id,dtype,status_value)
    VALUES (16,'order_status',1);

INSERT INTO generic_status (id,dtype,status_value)
    VALUES (17,'order_status',2);

INSERT INTO generic_status (id,dtype,status_value)
    VALUES (18,'order_status',3);

INSERT INTO generic_status (id,dtype,status_value)
    VALUES (19,'order_status',4);

INSERT INTO generic_status (id,dtype,status_value)
    VALUES (20,'order_line_provisioning_status',1);

INSERT INTO generic_status (id,dtype,status_value)
    VALUES (21,'order_line_provisioning_status',2);

INSERT INTO generic_status (id,dtype,status_value)
    VALUES (22,'order_line_provisioning_status',3);

INSERT INTO generic_status (id,dtype,status_value)
    VALUES (23,'order_line_provisioning_status',4);

INSERT INTO generic_status (id,dtype,status_value)
    VALUES (24,'order_line_provisioning_status',5);

INSERT INTO generic_status (id,dtype,status_value)
    VALUES (25,'order_line_provisioning_status',6);

INSERT INTO generic_status (id,dtype,status_value)
    VALUES (26,'invoice_status',1);

INSERT INTO generic_status (id,dtype,status_value)
    VALUES (27,'invoice_status',2);

INSERT INTO generic_status (id,dtype,status_value)
    VALUES (28,'invoice_status',3);

INSERT INTO generic_status (id,dtype,status_value)
    VALUES (29,'mediation_record_status',1);

INSERT INTO generic_status (id,dtype,status_value)
    VALUES (30,'mediation_record_status',2);

INSERT INTO generic_status (id,dtype,status_value)
    VALUES (31,'mediation_record_status',3);

INSERT INTO generic_status (id,dtype,status_value)
    VALUES (32,'mediation_record_status',4);

INSERT INTO generic_status (id,dtype,status_value)
    VALUES (33,'process_run_status',1);

INSERT INTO generic_status (id,dtype,status_value)
    VALUES (34,'process_run_status',2);

INSERT INTO generic_status (id,dtype,status_value)
    VALUES (35,'process_run_status',3);

